0.0000000000000000e+00 -9.2409098539991246e-17 3.3365602592884162e-16 3.3365602592884162e-16 -2.1562122992664520e-16 -1.5401516423331823e-16 5.8281385699998524e-16 2.0784609690826525e+00
2.0000000000000039e-03 -3.8282341278449940e+02 -5.5710991375690356e-14 -5.5710991375690356e-14 -1.6021551392264050e+03 -9.9248927600545221e+02 7.4668513924238800e+02 7.9606951157485810e+02
4.0000000000000088e-03 -2.7219869127445065e+02 4.2980730086128462e-13 4.2980730086128462e-13 -9.7725935310689090e+02 -6.2472902219067078e+02 4.3175971479962033e+02 5.0186144569763962e+02
6.0000000000000140e-03 -1.8390489906948275e+02 1.4942713733034908e-13 1.4942713733034908e-13 -6.1847509345557580e+02 -4.0118999626252929e+02 2.6611880841700668e+02 3.2303030833520256e+02
8.0000000000000106e-03 -3.4114460627246393e+02 4.5366377321442999e-13 4.5366377321442999e-13 -1.4050853192712184e+03 -8.7311496277184119e+02 6.5152796585496753e+02 7.0057010551459859e+02
9.9999999999999291e-03 -2.9124228064915025e+02 6.7466032760421515e-13 6.7466032760421515e-13 -1.0533754387055849e+03 -6.7230885967736754e+02 4.6670933832354683e+02 5.3992529793971357e+02
1.1999999999999848e-02 -2.5582496398958062e+02 7.5396133780714080e-13 7.5396133780714080e-13 -8.6731023790175857e+02 -5.6156760094566960e+02 3.7445672657771047e+02 4.5133233226085434e+02
1.3999999999999766e-02 -3.2579099929711441e+02 5.1342041729185444e-13 5.1342041729185444e-13 -1.2672689627886380e+03 -7.9652998104287622e+02 5.7653515365722058e+02 6.3930214869763142e+02
1.5999999999999685e-02 -3.0946129896855103e+02 5.5795368325561871e-13 5.5795368325561871e-13 -1.1096952321758997e+03 -7.0957826557222540e+02 4.9004120280460984e+02 5.6974080875410812e+02
1.7999999999999603e-02 -2.8452479000243193e+02 1.6216805676094737e-13 1.6216805676094737e-13 -9.7790472423381482e+02 -6.3121475711812332e+02 4.2460675918786177e+02 5.0705003122042194e+02
1.9999999999999522e-02 -3.1834949610190489e+02 3.0536018158500156e-13 3.0536018158500156e-13 -1.2115600616724275e+03 -7.6495477888716619e+02 5.4697752962763911e+02 6.1404199875061647e+02
2.1999999999999440e-02 -2.9079381004204168e+02 8.6074258831558838e-13 8.6074258831558838e-13 -1.1335948519580850e+03 -7.1219433100006336e+02 5.1610812684508085e+02 5.7183366012058593e+02
2.3999999999999359e-02 -2.8065185755949005e+02 6.4369842789346877e-13 6.4369842789346877e-13 -1.0497441975880349e+03 -6.6519802757376249e+02 4.7097094953825825e+02 5.3423663490917045e+02
2.5999999999999277e-02 -3.0615912889150337e+02 6.6249089547554263e-13 6.6249089547554263e-13 -1.1797325373926251e+03 -7.4294583314206420e+02 5.3495227592290928e+02 5.9643485036387358e+02
2.7999999999999196e-02 -2.8958514686965520e+02 6.9820149661836696e-13 6.9820149661836696e-13 -1.1348937383921091e+03 -7.1223944263088219e+02 5.1764368110518649e+02 5.7186974940841435e+02
2.9999999999999114e-02 -2.8762083157763396e+02 8.3388518312688123e-13 8.3388518312688123e-13 -1.1087056397434178e+03 -6.9816323566052586e+02 5.0280970388929529e+02 5.6060878908255575e+02
3.1999999999999036e-02 -3.0343807219214517e+02 4.1080361334877580e-13 4.1080361334877580e-13 -1.1717278126194055e+03 -7.3758294240577538e+02 5.3171670323511057e+02 5.9214453977520134e+02
3.3999999999998955e-02 -2.8830130140184906e+02 8.6267659682448541e-13 8.6267659682448541e-13 -1.1269030385859667e+03 -7.0760216999390786e+02 5.1353658837816261e+02 5.6815993302853803e+02
3.5999999999998873e-02 -2.9162791037830181e+02 6.4932503818226909e-13 6.4932503818226909e-13 -1.1404892129583525e+03 -7.1605856166832712e+02 5.1981926342885049e+02 5.7492504321383853e+02
3.7999999999998792e-02 -2.9889806101098497e+02 8.2883699903391062e-13 8.2883699903391062e-13 -1.1683179126012894e+03 -7.3360798680613721e+02 5.3240875216063091e+02 5.8896457677814954e+02
3.9999999999998710e-02 -2.8893865461869655e+02 9.6596508569746214e-13 9.6596508569746214e-13 -1.1305700438348822e+03 -7.0975434922678937e+02 5.1539186377235080e+02 5.6988167561208013e+02
4.1999999999998629e-02 -2.9424162701013893e+02 7.2220895930286132e-13 7.2220895930286132e-13 -1.1544787344698359e+03 -7.2436018073998741e+02 5.2678549277099955e+02 5.8156633537466212e+02
4.3999999999998547e-02 -2.9660202148792638e+02 9.7676977617311433e-13 9.7676977617311433e-13 -1.1639632531173218e+03 -7.3028263730262404e+02 5.3114811004099704e+02 5.8630429841569469e+02
4.5999999999998466e-02 -2.9016051762085300e+02 3.3924418829656132e-13 3.3924418829656132e-13 -1.1372736239298438e+03 -7.1371707077534836e+02 5.1874871622026728e+02 5.7305185137283183e+02
4.7999999999998384e-02 -2.9646860420129281e+02 4.1118219940017297e-13 4.1118219940017297e-13 -1.1604704506482524e+03 -7.2846952742477265e+02 5.2909091515438854e+02 5.8485381118970361e+02
4.9999999999998303e-02 -2.9705422219798197e+02 2.7821744907896573e-13 2.7821744907896573e-13 -1.1599356046465707e+03 -7.2849491342227634e+02 5.2840477388659667e+02 5.8487411997823756e+02
5.1999999999998221e-02 -2.9313427966397478e+02 -4.5837516005065028e-11 -4.5837516005065028e-11 -1.1432190835234612e+03 -7.1817668159371806e+02 5.2056850188741544e+02 5.7661953836409236e+02
5.3999999999998140e-02 -2.9746773983350317e+02 -6.0585403360846616e-12 -6.0585403360846616e-12 -1.1611931951012841e+03 -7.2933046746739365e+02 5.2892166081479002e+02 5.8554256290266972e+02
5.5999999999998058e-02 -2.9542775950910385e+02 -5.8629181509672887e-11 -5.8629181509672887e-11 -1.1562373923312625e+03 -7.2583257592018322e+02 5.2713609152170784e+02 5.8274425096961522e+02
5.7999999999997977e-02 -2.9273604671600879e+02 -3.2917757408768010e-11 -3.2917757408768010e-11 -1.1467556274651877e+03 -7.1974583709059823e+02 5.2297805079527598e+02 5.7787486217630135e+02
5.9999999999997895e-02 -2.9658386368111883e+02 1.8814930946575715e-10 1.8814930946575715e-10 -1.1597503024284708e+03 -7.2816708305479483e+02 5.2857933450658084e+02 5.8461185580653319e+02
6.1999999999997814e-02 -2.9618496846481338e+02 1.3616929805948530e-10 1.3616929805948530e-10 -1.1544354708762353e+03 -7.2531021967052436e+02 5.2556895059882174e+02 5.8232636616472712e+02
6.3999999999998253e-02 -2.9630461564085567e+02 2.8503331250817608e-10 2.8503331250817608e-10 -1.1479829336360713e+03 -7.2214377463846347e+02 5.2154432602002760e+02 5.7979321132016264e+02
6.5999999999998865e-02 -2.9926695709963218e+02 6.7147234439346450e-10 6.7147234439346450e-10 -1.1561643966095924e+03 -7.2771567685461230e+02 5.2474037217420403e+02 5.8425073101476164e+02
6.7999999999999478e-02 -2.9997676999752741e+02 5.2905063885333453e-10 5.2905063885333453e-10 -1.1504761813690418e+03 -7.2522647568328466e+02 5.2082239609941382e+02 5.8225937100617182e+02
7.0000000000000090e-02 -3.0008892417502364e+02 7.8012489357348617e-10 7.8012489357348617e-10 -1.1456317943583167e+03 -7.2286035926667023e+02 5.1778714689935623e+02 5.8036647875544190e+02
7.2000000000000702e-02 -3.0427705770516144e+02 9.0529471030720286e-10 9.0529471030720286e-10 -1.1538547991424907e+03 -7.2906592842382611e+02 5.2025799083690924e+02 5.8533093176648879e+02
7.4000000000001315e-02 -3.0311354056687890e+02 1.2448763664352214e-09 1.2448763664352214e-09 -1.1457553071719592e+03 -7.2443442386941911e+02 5.1601059103496016e+02 5.8162572985051474e+02
7.6000000000001927e-02 -3.0339884219193510e+02 1.1872934413403868e-09 1.1872934413403868e-09 -1.1407874589804953e+03 -7.2209315058621519e+02 5.1279370688674294e+02 5.7975271209724679e+02
7.8000000000002540e-02 -3.0562306922935426e+02 5.0641187243627424e-10 5.0641187243627424e-10 -1.1457641223069108e+03 -7.2569359576813258e+02 5.1447922300113305e+02 5.8263306689981437e+02
8.0000000000003152e-02 -3.0724192026298709e+02 5.5556942157863892e-10 5.5556942157863892e-10 -1.1436204878276515e+03 -7.2543120404531930e+02 5.1217518058333314e+02 5.8242315361943588e+02
8.2000000000003764e-02 -3.0598829651540416e+02 -1.3185874925270013e-09 -1.3185874925270013e-09 -1.1359933052443660e+03 -7.2099080087988500e+02 5.0827218883506356e+02 5.7887083274335919e+02
8.4000000000004377e-02 -3.0770643542201628e+02 -2.2342743921655029e-09 -2.2342743921655029e-09 -1.1398040266664157e+03 -7.2375523104421598e+02 5.0955362868693646e+02 5.8108237584369124e+02
8.6000000000004989e-02 -3.0889933591145581e+02 -1.1577295389031406e-09 -1.1577295389031406e-09 -1.1390898141626315e+03 -7.2399457503704366e+02 5.0838576525812891e+02 5.8127385094867805e+02
8.8000000000005602e-02 -3.0832183086050134e+02 -1.9183977073566894e-10 -1.9183977073566894e-10 -1.1307345285601280e+03 -7.1952817971031459e+02 5.0362286683746953e+02 5.7770073635326060e+02
9.0000000000006214e-02 -3.1090215789585227e+02 5.9732997215178330e-10 5.9732997215178330e-10 -1.1327086406346921e+03 -7.2180539926527217e+02 5.0325163750537723e+02 5.7952251114782359e+02
9.2000000000006826e-02 -3.1312364815358694e+02 8.1408485286260662e-10 8.1408485286260662e-10 -1.1305512911500382e+03 -7.2183746965181263e+02 5.0057015674680923e+02 5.7954816744509378e+02
9.4000000000007439e-02 -3.1553668969878112e+02 1.0763406166347523e-10 1.0763406166347523e-10 -1.1261754547487185e+03 -7.2085607222374983e+02 4.9641283502306106e+02 5.7876304986870480e+02
9.6000000000008051e-02 -3.2025240991755311e+02 -3.0181009691432339e-10 -3.0181009691432339e-10 -1.1279992411602288e+03 -7.2412582553889092e+02 4.9464189447363725e+02 5.8137885130119946e+02
9.8000000000008664e-02 -3.2258261427406205e+02 -8.9497801170068672e-10 -8.9497801170068672e-10 -1.1240281862645672e+03 -7.2330540026931465e+02 4.9078317699743491e+02 5.8072251139155708e+02
1.0000000000000928e-01 -3.2564784601633181e+02 -5.2340507039616566e-10 -5.2340507039616566e-10 -1.1199810452586089e+03 -7.2281444563747039e+02 4.8642775597402607e+02 5.8032974786920784e+02
1.0200000000000989e-01 -3.2993404634932193e+02 -1.0394741067898395e-10 -1.0394741067898395e-10 -1.1201560687866815e+03 -7.2504505756800177e+02 4.8391018462042268e+02 5.8211423658161448e+02
1.0400000000001050e-01 -3.3302734761097963e+02 -2.0238578812836751e-10 -2.0238578812836751e-10 -1.1186862850573573e+03 -7.2585681633416846e+02 4.8111587715020812e+02 5.8276364329176181e+02
1.0600000000001111e-01 -3.3183969165134238e+02 -4.7028830607587229e-10 -4.7028830607587229e-10 -1.1131250800519165e+03 -7.2248238585162949e+02 4.7843763626839439e+02 5.8006410016439349e+02
1.0800000000001173e-01 -3.3204108783665021e+02 -1.9961060360174087e-10 -1.9961060360174087e-10 -1.1125146546629692e+03 -7.2227787124980966e+02 4.7794049911361748e+02 5.7990048855922157e+02
1.1000000000001234e-01 -3.3167164178128695e+02 -5.4471341215389659e-10 -5.4471341215389659e-10 -1.1114477773687252e+03 -7.2155970957500608e+02 4.7751341144713359e+02 5.7932595948725316e+02
1.1200000000001295e-01 -3.3076014676536818e+02 -7.1966917758459200e-10 -7.1966917758459200e-10 -1.1076994535011956e+03 -7.1922980013328197e+02 4.7577621565362068e+02 5.7746203280293025e+02
1.1400000000001356e-01 -3.3038713908778885e+02 -9.0017529430497236e-10 -9.0017529430497236e-10 -1.1061242885563163e+03 -7.1825571382205260e+02 4.7504004767975476e+02 5.7668276411728107e+02
1.1600000000001418e-01 -3.3026124521850647e+02 -8.5428025542455548e-10 -8.5428025542455548e-10 -1.1049306899005592e+03 -7.1759596755953282e+02 4.7438621469905718e+02 5.7615496735335057e+02
1.1800000000001479e-01 -3.2933339010680282e+02 -1.3144543764553874e-09 -1.3144543764553874e-09 -1.1013366297164005e+03 -7.1533500991160167e+02 4.7275350420477332e+02 5.7434620207834303e+02
1.2000000000001540e-01 -3.2871433689441028e+02 -1.1489627738114905e-09 -1.1489627738114905e-09 -1.0989299644105404e+03 -7.1382215065247533e+02 4.7165881983301745e+02 5.7313591523533864e+02
1.2200000000001601e-01 -3.2818561213843918e+02 -1.5805589193007564e-09 -1.5805589193007564e-09 -1.0972903195061440e+03 -7.1273796582229159e+02 4.7097852295586267e+02 5.7226856777559271e+02
1.2400000000001662e-01 -3.2743792772341556e+02 -1.7352900627543021e-09 -1.7352900627543021e-09 -1.0945146189635564e+03 -7.1097627334348590e+02 4.6973662178019595e+02 5.7085921444965959e+02
1.2600000000001654e-01 -3.2616549154401901e+02 -1.7374618010990162e-09 -1.7374618010990162e-09 -1.0908824826961327e+03 -7.0852398712007584e+02 4.6829160648977921e+02 5.6889738638563449e+02
1.2800000000001577e-01 -3.2627168949125883e+02 -1.9256705563464037e-09 -1.9256705563464037e-09 -1.0906842170400373e+03 -7.0847795326564801e+02 4.6810516137142412e+02 5.6886055931926285e+02
1.3000000000001499e-01 -3.2603971739053475e+02 -1.9598322964498038e-09 -1.9598322964498038e-09 -1.0891446408064089e+03 -7.0759217909847189e+02 4.6730442064363160e+02 5.6815194031591579e+02
1.3200000000001422e-01 -3.2500324519836954e+02 -1.7276857811054924e-09 -1.7276857811054924e-09 -1.0838879359334080e+03 -7.0444559056588878e+02 4.6472006647766523e+02 5.6563467066352712e+02
1.3400000000001344e-01 -3.2506714496179552e+02 -1.7742577540502681e-09 -1.7742577540502681e-09 -1.0820630689095688e+03 -7.0356510693568214e+02 4.6356343775968634e+02 5.6493028408778230e+02
1.3600000000001267e-01 -3.2542002463023152e+02 1.7682096320470464e-09 1.7682096320470464e-09 -1.0818149557932429e+03 -7.0361749021173728e+02 4.6319540634424612e+02 5.6497219068908737e+02
1.3800000000001189e-01 -3.2389368738941727e+02 3.9734452084161374e-09 3.9734452084161374e-09 -1.0760676703730794e+03 -6.9998067888124831e+02 4.6061061402671231e+02 5.6206274298122719e+02
1.4000000000001112e-01 -3.2292433657302428e+02 1.0720074516967771e-09 1.0720074516967771e-09 -1.0732348898341347e+03 -6.9807961320357947e+02 4.5946950102876536e+02 5.6054189114818985e+02
1.4200000000001034e-01 -3.2250606594884704e+02 1.1012896461437548e-09 1.1012896461437548e-09 -1.0725079227650183e+03 -6.9750699435693264e+02 4.5928046383488731e+02 5.6008379628445914e+02
1.4400000000000956e-01 -3.2192523184026112e+02 3.3419053480088223e-09 3.3419053480088223e-09 -1.0701836230660422e+03 -6.9605442745315167e+02 4.5821281356474822e+02 5.5892174330324201e+02
1.4600000000000879e-01 -3.2086942276312448e+02 2.3318822472973010e-09 2.3318822472973010e-09 -1.0663550654929950e+03 -6.9361224412805973e+02 4.5651485881473570e+02 5.5696799755410302e+02
1.4800000000000801e-01 -3.1996490784652366e+02 1.4874874576520369e-09 1.4874874576520369e-09 -1.0640941428630190e+03 -6.9202952535477129e+02 4.5568423211949960e+02 5.5570182312582654e+02
1.5000000000000724e-01 -3.1905319549680382e+02 1.7845069377742107e-09 1.7845069377742107e-09 -1.0617029164421049e+03 -6.9037805596945441e+02 4.5477821848407615e+02 5.5438064823357126e+02
1.5200000000000646e-01 -3.1815837803854527e+02 1.8388056055584912e-09 1.8388056055584912e-09 -1.0588966267924552e+03 -6.8852750241550029e+02 4.5360768560246913e+02 5.5290020608066459e+02
1.5400000000000569e-01 -3.1719565416716824e+02 9.8999100417440638e-10 9.8999100417440638e-10 -1.0564602234936981e+03 -6.8682793883043314e+02 4.5270524494208962e+02 5.5154055584654827e+02
1.5600000000000491e-01 -3.1640229943613883e+02 7.5784871711448436e-10 7.5784871711448436e-10 -1.0539330837925613e+03 -6.8516769161435013e+02 4.5164352281697222e+02 5.5021235869295413e+02
1.5800000000000414e-01 -3.1544669711086289e+02 7.1288943415126479e-10 7.1288943415126479e-10 -1.0511699580977922e+03 -6.8330832760432759e+02 4.5053664532861865e+02 5.4872486817847903e+02
1.6000000000000336e-01 -3.1448290087836244e+02 2.4275979226828779e-10 2.4275979226828779e-10 -1.0485892332089622e+03 -6.8153606704366234e+02 4.4954648278899577e+02 5.4730706039100028e+02
1.6200000000000259e-01 -3.1328624956160252e+02 2.0984169069038216e-10 2.0984169069038216e-10 -1.0458023502255326e+03 -6.7954429989356754e+02 4.4857266874995662e+02 5.4571364741385366e+02
1.6400000000000181e-01 -3.1288502663570426e+02 -1.3521028074947594e-10 -1.3521028074947594e-10 -1.0446108385852085e+03 -6.7874793261045636e+02 4.4808871772500089e+02 5.4507655388440980e+02
1.6600000000000104e-01 -3.1136538465860298e+02 -4.9009030556046442e-10 -4.9009030556046442e-10 -1.0409460348665486e+03 -6.7615570976257584e+02 4.4677507980436110e+02 5.4300277657300478e+02
1.6800000000000026e-01 -3.0993002488621204e+02 -2.2250534692513925e-10 -2.2250534692513925e-10 -1.0378343685057730e+03 -6.7388219669599255e+02 4.4574855585585908e+02 5.4118396696775869e+02
1.6999999999999948e-01 -3.0919150352553561e+02 -4.0035581072572769e-10 -4.0035581072572769e-10 -1.0369823740749237e+03 -6.7308693880022963e+02 4.4567906807549144e+02 5.4054776094777958e+02
1.7199999999999871e-01 -3.0749923131182095e+02 -1.6970680860595167e-10 -1.6970680860595167e-10 -1.0324426881995669e+03 -6.6997095975569391e+02 4.4393539043607819e+02 5.3805497887441152e+02
1.7399999999999793e-01 -3.0573758996274313e+02 1.2226912815549439e-10 1.2226912815549439e-10 -1.0294795357947323e+03 -6.6760856287873776e+02 4.4319961818434899e+02 5.3616506225402077e+02
1.7599999999999716e-01 -3.0548715213588645e+02 1.3147436028759785e-10 1.3147436028759785e-10 -1.0294966724834869e+03 -6.6749191230968665e+02 4.4336347344220405e+02 5.3607174184229063e+02
1.7799999999999638e-01 -3.0288414128561169e+02 1.2467777921187918e-10 1.2467777921187918e-10 -1.0242610803619093e+03 -6.6357261082376044e+02 4.4175135323692916e+02 5.3293630211544939e+02
1.7999999999999561e-01 -3.0137641008547905e+02 8.1446538402474297e-11 8.1446538402474297e-11 -1.0211738604447554e+03 -6.6127513526511723e+02 4.4078411788413280e+02 5.3109832252549347e+02
1.8199999999999483e-01 -3.0059113513134201e+02 2.2734383264833013e-11 2.2734383264833013e-11 -1.0199622843049253e+03 -6.6027670971813370e+02 4.4052306278870992e+02 5.3029958246031936e+02
1.8399999999999406e-01 -3.0021593988625028e+02 -4.9485651132386010e-11 -4.9485651132386010e-11 -1.0184806569926907e+03 -6.5934829843947045e+02 4.3984551428882179e+02 5.2955685378368628e+02
1.8599999999999328e-01 -2.9843629495372926e+02 8.8592653213481759e-11 8.8592653213481759e-11 -1.0129346490287593e+03 -6.5568547199124430e+02 4.3753909738556234e+02 5.2662659399133997e+02
1.8799999999999251e-01 -2.9710290526361320e+02 -2.0247119536520585e-11 -2.0247119536520585e-11 -1.0103605435758498e+03 -6.5373172441973145e+02 4.3677931725189438e+02 5.2506359666287767e+02
1.8999999999999173e-01 -2.9645001280745680e+02 1.3217294814182879e-10 1.3217294814182879e-10 -1.0095719443567867e+03 -6.5301097858212177e+02 4.3669621417095283e+02 5.2448700026162828e+02
1.9199999999999096e-01 -2.9526770188729415e+02 -5.3884807726944931e-12 -5.3884807726944931e-12 -1.0063799463525702e+03 -6.5082382411993217e+02 4.3546553719630435e+02 5.2273727750768535e+02
1.9399999999999018e-01 -2.9399113528297630e+02 2.1696494378886655e-10 2.1696494378886655e-10 -1.0026097944642336e+03 -6.4830046487360494e+02 4.3393853430231462e+02 5.2071859105183682e+02
1.9599999999998940e-01 -2.9318570861685424e+02 8.9273255454713762e-11 8.9273255454713762e-11 -1.0006249031573087e+03 -6.4690530588708145e+02 4.3321626266740918e+02 5.1960246438301249e+02
1.9799999999998863e-01 -2.9274662554384525e+02 1.1498861418601791e-10 1.1498861418601791e-10 -9.9914311628980909e+02 -6.4594487091682720e+02 4.3257773960506762e+02 5.1883411676505136e+02
1.9999999999998785e-01 -2.9123295475569819e+02 -2.3560646766895843e-11 -2.3560646766895843e-11 -9.9380910313929883e+02 -6.4252102894749851e+02 4.3023826724743549e+02 5.1609504446668177e+02
2.0199999999998708e-01 -2.9045019859776812e+02 -1.3198905080002987e-10 -1.3198905080002987e-10 -9.9019731904148887e+02 -6.4032375881962844e+02 4.2850584851723977e+02 5.1433722918396768e+02
2.0399999999998630e-01 -2.9072807365837349e+02 5.6958882055369037e-13 5.6958882055369037e-13 -9.8893512013304837e+02 -6.3983159689571096e+02 4.2756274966966345e+02 5.1394349982841015e+02
2.0599999999998553e-01 -2.9120484484853824e+02 9.9172154932603006e-11 9.9172154932603006e-11 -9.8641312547964924e+02 -6.3880898516409377e+02 4.2572638812595886e+02 5.1312541082455061e+02
2.0799999999998475e-01 -2.9151625682134113e+02 -1.4853503316203388e-10 -1.4853503316203388e-10 -9.8211883829876695e+02 -6.3681754756005398e+02 4.2290598491713467e+02 5.1153226148412517e+02
2.0999999999998398e-01 -2.9220404451056544e+02 -1.2597139331660400e-10 -1.2597139331660400e-10 -9.7929123076295480e+02 -6.3574763763676015e+02 4.2075325378074569e+02 5.1067633394456658e+02
2.1199999999998320e-01 -2.9316006419033806e+02 -1.5487135129887976e-10 -1.5487135129887976e-10 -9.7795336174419242e+02 -6.3555671296726518e+02 4.1934853957120879e+02 5.1052359428018559e+02
2.1399999999998243e-01 -2.9387303377685782e+02 -2.3516589564565039e-10 -2.3516589564565039e-10 -9.7457774134996475e+02 -6.3422538756341123e+02 4.1684479976613704e+02 5.0945853445368687e+02
2.1599999999998165e-01 -2.9289044823397535e+02 -3.3978096780629129e-10 -3.3978096780629129e-10 -9.6997828584132844e+02 -6.3143436703765190e+02 4.1462992829561341e+02 5.0722571907413032e+02
2.1799999999998088e-01 -2.9277868341110997e+02 -1.6217471809909512e-10 -1.6217471809909512e-10 -9.6768811828294110e+02 -6.3023340084702556e+02 4.1329593450653539e+02 5.0626494656958977e+02
2.1999999999998010e-01 -2.9285998319903911e+02 -1.4676105664079842e-10 -1.4676105664079842e-10 -9.6595375020812571e+02 -6.2940686670358241e+02 4.1218406955501200e+02 5.0560371956313247e+02
2.2199999999997932e-01 -2.9256745741600321e+02 -2.2021890089263252e-10 -2.2021890089263252e-10 -9.6231755042330747e+02 -6.2744250391965534e+02 4.1013649576236782e+02 5.0403223006869842e+02
2.2399999999997855e-01 -2.9243016152994340e+02 9.4984997645042318e-12 9.4984997645042318e-12 -9.5887390574360427e+02 -6.2565203363677381e+02 4.0811177889834460e+02 5.0259985451023874e+02
2.2599999999997777e-01 -2.9260458357634474e+02 3.1705447156582526e-10 3.1705447156582526e-10 -9.5646484619146031e+02 -6.2453471488390255e+02 4.0652972597926811e+02 5.0170599992470170e+02
2.2799999999997700e-01 -2.9265730904648035e+02 8.3385032212390795e-11 8.3385032212390795e-11 -9.5359000954604824e+02 -6.2312365929626435e+02 4.0473696763591948e+02 5.0057715598091505e+02
2.2999999999997622e-01 -2.9227384467991482e+02 2.7749358366691013e-10 2.7749358366691013e-10 -9.4866177484599791e+02 -6.2046780976295634e+02 4.0195387555712540e+02 4.9845247734490067e+02
2.3199999999997545e-01 -2.9264591239055198e+02 2.0047398407996299e-10 2.0047398407996299e-10 -9.4772328817983760e+02 -6.2018460028519485e+02 4.0115132818129416e+02 4.9822590986832864e+02
2.3399999999997467e-01 -2.9343228286329656e+02 3.3710524149910271e-10 3.3710524149910271e-10 -9.4600586668451990e+02 -6.1971907477390823e+02 3.9961807499533626e+02 4.9785348963294047e+02
2.3599999999997390e-01 -2.9206895295836222e+02 3.5697734546147331e-10 3.5697734546147331e-10 -9.3904053490930221e+02 -6.1555474393383224e+02 3.9618756346525839e+02 4.9452202651417542e+02
2.3799999999997312e-01 -2.9182051774684606e+02 1.1133302280086354e-10 1.1133302280086354e-10 -9.3592071579778769e+02 -6.1387061677231691e+02 3.9442920711259876e+02 4.9317472541314271e+02
2.3999999999997235e-01 -2.9207805247215327e+02 2.4465308001708764e-10 2.4465308001708764e-10 -9.3513660739079307e+02 -6.1360732993147315e+02 3.9379133357054531e+02 4.9296409603867369e+02
2.4199999999997157e-01 -2.9158273318816623e+02 2.4075646365417924e-10 2.4075646365417924e-10 -9.3110432159113600e+02 -6.1134352738965117e+02 3.9162539277037001e+02 4.9115305484961465e+02
2.4399999999997080e-01 -2.9133535413998646e+02 1.9098827408470242e-10 1.9098827408470242e-10 -9.2723726060322235e+02 -6.0928630737160438e+02 3.8940879932449110e+02 4.8950727960252050e+02
2.4599999999997002e-01 -2.9476247010764672e+02 -1.4013927795986093e-11 -1.4013927795986093e-11 -9.2944627569067814e+02 -6.1210437289916240e+02 3.8866286792155711e+02 4.9176173097342820e+02
2.4799999999996925e-01 -2.9672075916924126e+02 6.1076121937730937e-11 6.1076121937730937e-11 -9.2957303214167382e+02 -6.1314689565545757e+02 3.8754128783574834e+02 4.9259574878960325e+02
2.4999999999996847e-01 -2.9899851017472042e+02 2.6894493743157001e-10 2.6894493743157001e-10 -9.2822630476985898e+02 -6.1361240747228976e+02 3.8532175718371809e+02 4.9296815806943312e+02
2.5199999999997047e-01 -2.9286895728010990e+02 1.7097374183094872e-10 1.7097374183094872e-10 -9.1591902242806464e+02 -6.0439398985408729e+02 3.8153868595507646e+02 4.8559342741334166e+02
2.5399999999997247e-01 -2.8999364062573801e+02 -2.2768276153328770e-11 -2.2768276153328770e-11 -9.1331088381910115e+02 -6.0165226222241961e+02 3.8170229842550765e+02 4.8340004633067213e+02
2.5599999999997447e-01 -2.8604143276722090e+02 9.1192617901469938e-11 9.1192617901469938e-11 -9.1302966948143353e+02 -5.9953555112432718e+02 3.8395031366929385e+02 4.8170667824173165e+02
2.5799999999997647e-01 -2.7991039279321251e+02 2.7746256847649421e-10 2.7746256847649421e-10 -9.0607270220304883e+02 -5.9299154749813067e+02 3.8344453855420522e+02 4.7647147778168841e+02
2.5999999999997847e-01 -2.7255304453844064e+02 -1.7511823102722702e-11 -1.7511823102722702e-11 -8.9893933220301949e+02 -5.8574618837073012e+02 3.8358169666360476e+02 4.7067519318228750e+02
2.6199999999998047e-01 -2.6660888464587293e+02 -1.1821143175438919e-10 -1.1821143175438919e-10 -8.9715865568928234e+02 -5.8188377016757761e+02 3.8613129912127823e+02 4.6758526006044787e+02
2.6399999999998247e-01 -2.6123301291579543e+02 -5.6102500423094173e-11 -5.6102500423094173e-11 -8.9281173784968087e+02 -5.7702237538273812e+02 3.8676140212140768e+02 4.6369614604587690e+02
2.6599999999998447e-01 -2.5631447540860455e+02 4.8737476276983220e-11 4.8737476276983220e-11 -8.8891886358935426e+02 -5.7261666949897938e+02 3.8738949002209358e+02 4.6017158298219857e+02
2.6799999999998647e-01 -2.5204480045655231e+02 1.7246829742134651e-10 1.7246829742134651e-10 -8.8256185045656821e+02 -5.6730332545656029e+02 3.8611126165623676e+02 4.5592090973014109e+02
2.6999999999998847e-01 -2.4862574722015825e+02 -1.0355272195283760e-11 -1.0355272195283760e-11 -8.8044019751938458e+02 -5.6453297236977141e+02 3.8690575383753674e+02 4.5370462829405199e+02
2.7199999999999047e-01 -2.4383755234150848e+02 -3.8642607336214498e-10 -3.8642607336214498e-10 -8.7630180703702342e+02 -5.6006967968926597e+02 3.8730367613841781e+02 4.5013399581445617e+02
2.7399999999999247e-01 -2.3884384788144183e+02 -3.5164802625331502e-10 -3.5164802625331502e-10 -8.6950632106215471e+02 -5.5417508447179830e+02 3.8620031480360677e+02 4.4541832183916659e+02
2.7599999999999447e-01 -2.3615687233611848e+02 1.6162218230419968e-11 1.6162218230419968e-11 -8.6706503808336959e+02 -5.5161095520974402e+02 3.8635077015901021e+02 4.4336701938594354e+02
2.7799999999999647e-01 -2.3352876509269271e+02 1.5384898688353132e-10 1.5384898688353132e-10 -8.6418177054555770e+02 -5.4885526781912517e+02 3.8619451702804417e+02 4.4116247050132012e+02
2.7999999999999847e-01 -2.3107288692320333e+02 1.7349286451917579e-10 1.7349286451917579e-10 -8.6007212805804045e+02 -5.4557250749062189e+02 3.8518179734454657e+02 4.3853626346298739e+02
2.8200000000000047e-01 -2.2831022320870670e+02 1.3567650114509889e-10 1.3567650114509889e-10 -8.5529707165667628e+02 -5.4180364743269149e+02 3.8394946353331312e+02 4.3552117682242823e+02
2.8400000000000247e-01 -2.2565376270104494e+02 1.3612662996820290e-10 1.3612662996820290e-10 -8.5112799089235739e+02 -5.3839087679670115e+02 3.8302317658246119e+02 4.3279096158659968e+02
2.8600000000000447e-01 -2.2312978230197089e+02 2.5217872234861715e-11 2.5217872234861715e-11 -8.4798775252626990e+02 -5.3555876741412044e+02 3.8264579719018428e+02 4.3052527513691211e+02
2.8800000000000647e-01 -2.2038474218085750e+02 4.6985704216240269e-11 4.6985704216240269e-11 -8.4327970933361087e+02 -5.3183222575723414e+02 3.8144370821798350e+02 4.2754404320140350e+02
2.9000000000000847e-01 -2.1785369052846534e+02 6.3113390069702291e-11 6.3113390069702291e-11 -8.3873258965498417e+02 -5.2829314009172481e+02 3.8020912373022986e+02 4.2471277598907528e+02
2.9200000000001047e-01 -2.1551409723908120e+02 3.6033398487234081e-11 3.6033398487234081e-11 -8.3415101688175309e+02 -5.2483255706041712e+02 3.7883619729292650e+02 4.2194431085482694e+02
2.9400000000001247e-01 -2.1345062694920398e+02 8.4287279378258980e-11 8.4287279378258980e-11 -8.3016690126512594e+02 -5.2180876410716496e+02 3.7766004703607689e+02 4.1952527762010021e+02
2.9600000000001447e-01 -2.1130577302291510e+02 1.9023524089334387e-10 1.9023524089334387e-10 -8.2555713174946970e+02 -5.1843145238619240e+02 3.7615060067283144e+02 4.1682342950305974e+02
2.9800000000001647e-01 -2.0923498285172505e+02 8.4389526477934854e-11 8.4389526477934854e-11 -8.2109994474154394e+02 -5.1516746379663448e+02 3.7468923702938287e+02 4.1421223984888144e+02
3.0000000000001847e-01 -2.0708280984957426e+02 -4.7562309646309588e-11 -4.7562309646309588e-11 -8.1594349696154200e+02 -5.1151315340555811e+02 3.7284950196617075e+02 4.1128879289907837e+02
3.0200000000002047e-01 -2.0492024454155788e+02 -6.7154815042158589e-12 -6.7154815042158589e-12 -8.1129819256177336e+02 -5.0810921855166561e+02 3.7132914098135723e+02 4.0856564628563240e+02
3.0400000000002247e-01 -2.0264576969085402e+02 1.7082136594126497e-10 1.7082136594126497e-10 -8.0644444883423319e+02 -5.0454510926254363e+02 3.6974966781693462e+02 4.0571436018374789e+02
3.0600000000002447e-01 -2.0054151594278298e+02 1.9084708924310689e-10 1.9084708924310689e-10 -8.0134556982592642e+02 -5.0094354288435471e+02 3.6791584185232790e+02 4.0283310842458133e+02
3.0800000000002647e-01 -1.9961059382552048e+02 -1.0337863898257638e-10 -1.0337863898257638e-10 -7.9823541189331627e+02 -4.9892300285941838e+02 3.6658133790812798e+02 4.0121667715829386e+02
3.1000000000002848e-01 -1.9841129756746298e+02 -3.3748932537491781e-11 -3.3748932537491781e-11 -7.9234296646616542e+02 -4.9537713201681419e+02 3.6370738272036664e+02 3.9837998180682064e+02
3.1200000000003048e-01 -2.0584590969879690e+02 2.1978834752189868e-10 2.1978834752189868e-10 -8.2119378150102011e+02 -5.1351984559990854e+02 3.7682207505575093e+02 4.1289414590606242e+02
3.1400000000003248e-01 -2.1954714484294126e+02 -1.4794991898270382e-11 -1.4794991898270382e-11 -8.4207846083552590e+02 -5.3081280283923354e+02 3.8122101827128733e+02 4.2672850524724782e+02
3.1600000000003448e-01 -1.9430160670823363e+02 -3.2687875517467547e-10 -3.2687875517467547e-10 -7.6898834011717224e+02 -4.8164497341270294e+02 3.5192231469969147e+02 3.8739426004562802e+02
3.1800000000003648e-01 -1.8325166523063237e+02 -2.6428885746554441e-10 -2.6428885746554441e-10 -7.1467102162009394e+02 -4.4896134342536317e+02 3.2542656564810608e+02 3.6124736824675301e+02
3.2000000000003848e-01 -2.1470913701841693e+02 7.9728259549938237e-11 7.9728259549938237e-11 -7.9579800372172281e+02 -5.0525357037006984e+02 3.5584280465881233e+02 4.0628112880551282e+02
3.2200000000004048e-01 -2.0712267478029892e+02 -1.2030859863898513e-10 -1.2030859863898513e-10 -7.9627645489683664e+02 -5.0169956483856777e+02 3.6078153532934880e+02 4.0343792570595554e+02
3.2400000000004248e-01 -1.9532438514642564e+02 2.9648816735061699e-11 2.9648816735061699e-11 -7.2588327229461561e+02 -4.6060382872052060e+02 3.2489963800298733e+02 3.7056135214023089e+02
3.2600000000004448e-01 -2.0072053686947092e+02 -2.3079955724369939e-11 -2.3079955724369939e-11 -7.4664199927825700e+02 -4.7368126807386398e+02 3.3430725563387847e+02 3.8102329874501964e+02
3.2800000000004648e-01 -2.0784036757412380e+02 -4.9040593808058477e-11 -4.9040593808058477e-11 -7.7861598499057629e+02 -4.9322817628235003e+02 3.4952725507308401e+02 3.9666081802080998e+02
3.3000000000004848e-01 -2.0026048580479213e+02 -1.9930833872194852e-10 -1.9930833872194852e-10 -7.4129951857857577e+02 -4.7078000219168393e+02 3.3131739030617871e+02 3.7870228712144802e+02
3.3200000000005048e-01 -2.0039438116012312e+02 4.7789256996111361e-11 4.7789256996111361e-11 -7.3225258298644405e+02 -4.6632348207328357e+02 3.2569530249716962e+02 3.7513707268901010e+02
3.3400000000005248e-01 -2.0265470572572923e+02 2.7948559022661359e-11 2.7948559022661359e-11 -7.4598176440710984e+02 -4.7431823506641956e+02 3.3271851430414887e+02 3.8153287210147533e+02
3.3600000000005448e-01 -2.0094782232389676e+02 -8.4793256860393741e-11 -8.4793256860393741e-11 -7.3460581520132666e+02 -4.6777681876261170e+02 3.2679744492688076e+02 3.7629974149837790e+02
3.3800000000005648e-01 -1.9904565723837487e+02 -1.6074750419647900e-11 -1.6074750419647900e-11 -7.2311734516253182e+02 -4.6108150120045332e+02 3.2092705601332233e+02 3.7094348994600523e+02
3.4000000000005848e-01 -1.9920504847929340e+02 -1.5844392464714475e-12 -1.5844392464714475e-12 -7.2497038297932056e+02 -4.6208771572930698e+02 3.2196419849219581e+02 3.7174846119377008e+02
3.4200000000006048e-01 -1.9918800874585821e+02 3.1530902333543053e-11 3.1530902333543053e-11 -7.2263278644212403e+02 -4.6091039759399109e+02 3.2054315347010606e+02 3.7080660712465709e+02
3.4400000000006248e-01 -1.9738494743501448e+02 2.1947741402073006e-11 2.1947741402073006e-11 -7.1288907556960146e+02 -4.5513701150230798e+02 3.1568051855701395e+02 3.6618790040478416e+02
3.4600000000006448e-01 -1.9846619480258113e+02 6.2501861464170363e-10 6.2501861464170363e-10 -7.1537877270875038e+02 -4.5692248375566578e+02 3.1654301437419298e+02 3.6761627754148907e+02
3.4800000000006648e-01 -2.0265450619901128e+02 5.7869499414664462e-10 5.7869499414664462e-10 -7.1803304523258350e+02 -4.6034377571579739e+02 3.1560361125332872e+02 3.7035330983345216e+02
3.5000000000006848e-01 -1.9471929232041549e+02 -3.6013631188325235e-10 -3.6013631188325235e-10 -7.0183889382325128e+02 -4.4827909307183336e+02 3.1054606556137225e+02 3.6070156821840862e+02
3.5200000000007048e-01 -1.8871521571174534e+02 -3.7810039543728635e-11 -3.7810039543728635e-11 -6.9340535036928850e+02 -4.4106028304051694e+02 3.0905832703187821e+02 3.5492652288597225e+02
3.5400000000007248e-01 -1.9234725803907125e+02 -8.4916429443637753e-10 -8.4916429443637753e-10 -6.9436632980814340e+02 -4.4335679392360731e+02 3.0742264174496859e+02 3.5676373073584580e+02
3.5600000000007448e-01 -1.9256396334498882e+02 -4.1002394368661042e-10 -4.1002394368661042e-10 -6.8683498480420735e+02 -4.3969947407459807e+02 3.0267794930483001e+02 3.5383787622081906e+02
3.5800000000007648e-01 -1.9425095946011851e+02 -2.0591855331986152e-10 -2.0591855331986152e-10 -6.8595032382311490e+02 -4.4010064164161668e+02 3.0110313738504203e+02 3.5415881012479838e+02
3.6000000000007848e-01 -1.9098207007271952e+02 -2.7995838536298833e-10 -2.7995838536298833e-10 -6.7571131884125589e+02 -4.3334669445698773e+02 2.9683483072138137e+02 3.4875565489631811e+02
3.6200000000008048e-01 -1.9044925951997510e+02 -2.0642296760797763e-10 -2.0642296760797763e-10 -6.7205625732775820e+02 -4.3125275842386668e+02 2.9492285029569132e+02 3.4708050685085959e+02
3.6400000000008248e-01 -1.9102997265772942e+02 -2.6855950352455693e-10 -2.6855950352455693e-10 -6.6889447758741358e+02 -4.2996222512257151e+02 2.9263105081635570e+02 3.4604808069119247e+02
3.6600000000008448e-01 -1.9171499799237097e+02 -1.4088787025912099e-10 -1.4088787025912099e-10 -6.6586746917900473e+02 -4.2879123358568785e+02 2.9035790367173894e+02 3.4511128789846549e+02
3.6800000000008648e-01 -1.9096597050836584e+02 3.7487289716864324e-10 3.7487289716864324e-10 -6.5921588853515857e+02 -4.2509092952176218e+02 2.8674334281642319e+02 3.4215104602753865e+02
3.7000000000008848e-01 -1.8995094901105938e+02 1.4502901990454120e-10 1.4502901990454120e-10 -6.5352513108817436e+02 -4.2173804004961687e+02 2.8388005100424863e+02 3.3946873570045051e+02
3.7200000000009048e-01 -1.8857265584396816e+02 -1.8275834179348749e-10 -1.8275834179348749e-10 -6.4855823948765931e+02 -4.1856544766581374e+02 2.8168249224083877e+02 3.3693066297678524e+02
3.7400000000009248e-01 -1.8858140228726563e+02 -5.5056048609003482e-11 -5.5056048609003482e-11 -6.4273366325222366e+02 -4.1565753276974465e+02 2.7811032622386347e+02 3.3460433214458249e+02
3.7600000000009448e-01 -1.9043364663030553e+02 -8.6425391288003081e-11 -8.6425391288003081e-11 -6.4258048282478296e+02 -4.1650706472754428e+02 2.7688225937255959e+02 3.3528395739394665e+02
3.7800000000009648e-01 -1.9036968834680897e+02 5.4341242616828820e-12 5.4341242616828820e-12 -6.3897440464638350e+02 -4.1467204649659624e+02 2.7471316278499137e+02 3.3381594349365020e+02
3.8000000000009848e-01 -2.0144826511755824e+02 1.8388810474334604e-11 1.8388810474334604e-11 -6.6032756499525942e+02 -4.3088791505640881e+02 2.8100503455648879e+02 3.4678863229297991e+02
3.8200000000010048e-01 -2.3352898604032518e+02 1.4985516827437096e-10 1.4985516827437096e-10 -7.0241391666534275e+02 -4.6797145135283398e+02 2.8713220702789562e+02 3.7645544749795778e+02
3.8400000000010248e-01 -2.4035947862419516e+02 -9.9421981758496256e-11 -9.9421981758496256e-11 -6.5142077652462478e+02 -4.4589012757440997e+02 2.5172260821556068e+02 3.5879039671155425e+02
3.8600000000010448e-01 -2.1654724375074289e+02 7.8629796007589902e-11 7.8629796007589902e-11 -6.2937691542805089e+02 -4.2296207958939692e+02 2.5280551157252825e+02 3.4044796687570772e+02
3.8800000000010648e-01 -9.6005061549682978e+02 -1.0198503730407538e-08 -1.0198503730407538e-08 -3.5280951437522053e+03 -2.2440728796245176e+03 1.5725996827430019e+03 1.7973359276293172e+03
3.9000000000010848e-01 -3.9543759951623070e+02 3.0250038207668695e-09 3.0250038207668695e-09 -8.7306157215284850e+02 -6.3424958583453963e+02 2.9248375547018719e+02 5.0947789306156363e+02
3.9200000000011048e-01 -3.3334078696140253e+01 -2.1625170987249476e-10 -2.1625170987249476e-10 -1.3323154801847491e+02 -8.3282813357307589e+01 6.1174456608763983e+01 6.8704680590432105e+01
3.9400000000011248e-01 -7.9606038030140908e+01 -2.9229529019403343e-10 -2.9229529019403343e-10 -3.4461793506980797e+02 -2.1211198654997443e+02 1.6228598087854405e+02 1.7176797109127276e+02
3.9600000000011448e-01 -1.1958853067793572e+02 1.1973154556699229e-09 1.1973154556699229e-09 -4.9172561134581508e+02 -3.0565707101187542e+02 2.2788649050131164e+02 2.4660400376846889e+02
3.9800000000011648e-01 -1.7803366819701253e+02 5.6279233717759777e-10 5.6279233717759777e-10 -6.3424733579703729e+02 -4.0614050199702490e+02 2.7937267482593876e+02 3.2699071107625997e+02
4.0000000000011848e-01 -2.2222646124263176e+02 2.0228041286429743e-09 2.0228041286429743e-09 -7.1787276938056914e+02 -4.7004961531160046e+02 3.0352013695805704e+02 3.7811797788981562e+02
4.0200000000012048e-01 -2.2283859350673458e+02 1.1973292002309676e-09 1.1973292002309676e-09 -7.0447419338796999e+02 -4.6365639344735229e+02 2.9494036541707726e+02 3.7300340278308937e+02
4.0400000000012248e-01 -2.2909193670374492e+02 -7.7237596762813612e-10 -7.7237596762813612e-10 -6.7404900097757343e+02 -4.5157046884065915e+02 2.7247944122941459e+02 3.6333466760578580e+02
4.0600000000012448e-01 -2.0480567794251496e+02 1.1103220742825215e-09 1.1103220742825215e-09 -7.1114093734232836e+02 -4.5797330764242167e+02 3.1006575607732566e+02 3.6845693625893637e+02
4.0800000000012648e-01 -2.1345905903369928e+02 -3.0327793609785661e-10 -3.0327793609785661e-10 -7.1664654328842062e+02 -4.6505280116105996e+02 3.0813814534470293e+02 3.7412052843319532e+02
4.1000000000012848e-01 -1.6370409105683527e+02 -6.7138422821244609e-10 -6.7138422821244609e-10 -5.5813956955022422e+02 -3.6092183030352976e+02 2.4154141468983275e+02 2.9081579058803237e+02
4.1200000000013048e-01 -2.2456151201758576e+02 1.0567206487621660e-09 1.0567206487621660e-09 -7.4134355408150418e+02 -4.8295253304954497e+02 3.1646307782252825e+02 3.8844030726738174e+02
4.1400000000013248e-01 -2.1718362721053083e+02 -1.3563062850607822e-09 -1.3563062850607822e-09 -6.9472134573042138e+02 -4.5595248647047612e+02 2.9243093582663812e+02 3.6684028007514644e+02
4.1600000000013448e-01 -1.9140351648029667e+02 1.1400331345612358e-10 1.1400331345612358e-10 -6.1675991936416540e+02 -4.0408171792223106e+02 2.6047653647279634e+02 3.2534368458435154e+02
4.1800000000013648e-01 -1.9119320007705744e+02 7.9253794638134425e-10 7.9253794638134425e-10 -6.8296206185215328e+02 -4.3707763096460536e+02 3.0114569568456392e+02 3.5174040271077251e+02
4.2000000000013848e-01 -2.0168846369512693e+02 -3.1753629059494416e-10 -3.1753629059494416e-10 -6.8507871378039181e+02 -4.4338358873775940e+02 2.9601486483631288e+02 3.5678516657717302e+02
4.2200000000014048e-01 -2.1144493170684723e+02 -1.7145868724810499e-10 -1.7145868724810499e-10 -6.6810133913869959e+02 -4.3977313542277341e+02 2.7964379649513455e+02 3.5389680527188364e+02
4.2400000000014249e-01 -1.9160407379506981e+02 4.6077701654212432e-10 4.6077701654212432e-10 -6.1799432445459661e+02 -4.0479919912483319e+02 2.6110963635331478e+02 3.2591766927881270e+02
4.2600000000014449e-01 -2.2464761314501982e+02 -3.4493734091256555e-10 -3.4493734091256555e-10 -7.1271935608370973e+02 -4.6868348461436477e+02 2.9888168201765723e+02 3.7702507384159395e+02
4.2800000000014649e-01 -1.9409149765127285e+02 -2.0448283066798468e-11 -2.0448283066798468e-11 -5.9557257904880089e+02 -3.9483203835003690e+02 2.4585594770118581e+02 3.1794394437672747e+02
4.3000000000014849e-01 -2.0149619315436428e+02 2.4732891290568661e-11 2.4732891290568661e-11 -6.5606839215146636e+02 -4.2878229265291532e+02 2.7836748469944882e+02 3.4510413515558241e+02
4.3200000000015049e-01 -2.1237844270064591e+02 -3.2113820935819602e-10 -3.2113820935819602e-10 -6.7645349893144635e+02 -4.4441597081604613e+02 2.8418677252971810e+02 3.5761107185472378e+02
4.3400000000015249e-01 -2.0800054605038787e+02 -7.4900064817029489e-10 -7.4900064817029489e-10 -6.1607775858720288e+02 -4.1203915231879535e+02 2.4989523659311982e+02 3.3170962913347927e+02
4.3600000000015449e-01 -2.1464834182433452e+02 1.4993513985928075e-10 1.4993513985928075e-10 -6.3339916085432810e+02 -4.2402375133933128e+02 2.5643145899900605e+02 3.4129730387965157e+02
4.3800000000015649e-01 -2.2949435742393464e+02 -2.3817150918148402e-10 -2.3817150918148402e-10 -6.6969748976548476e+02 -4.4959592359470969e+02 2.6956826435291327e+02 3.6175503214553180e+02
4.4000000000015849e-01 -2.3142011858890439e+02 4.2535930333542641e-11 4.2535930333542641e-11 -6.3071703653510212e+02 -4.3106857756200327e+02 2.4451842620853688e+02 3.4693316223006838e+02
4.4200000000016049e-01 -2.2525964875005587e+02 -9.5021960078156546e-10 -9.5021960078156546e-10 -6.3346943336779998e+02 -4.2936454105892790e+02 2.4997642008122364e+02 3.4556993366321382e+02
4.4400000000016249e-01 -2.3473462146116651e+02 -2.0424764102244808e-09 -2.0424764102244808e-09 -6.7619042740089765e+02 -4.5546252443103208e+02 2.7033536713536313e+02 3.6644831062634705e+02
4.4600000000016449e-01 -2.1066948821132996e+02 1.1993528801212961e-08 1.1993528801212961e-08 -5.7115178581665430e+02 -3.9091063701399213e+02 2.2074942260978872e+02 3.1480682477057474e+02
4.4800000000016649e-01 -2.3794123225058959e+02 8.9581330797727787e-10 8.9581330797727787e-10 -6.6857594788363622e+02 -4.5325859006711289e+02 2.6370882970737460e+02 3.6468516395727943e+02
4.5000000000016849e-01 -2.2460438855780390e+02 -1.1281950236252670e-08 -1.1281950236252670e-08 -6.3799243723501922e+02 -4.3129841289641155e+02 2.5314744625599803e+02 3.4711703041186632e+02
4.5200000000017049e-01 -2.1868433074711564e+02 4.1344563950218574e-09 4.1344563950218574e-09 -6.2939312749714713e+02 -4.2403872912213137e+02 2.5150674622750583e+02 3.4130928610030492e+02
4.5400000000017249e-01 -2.3089079898681183e+02 -7.6939834059430716e-09 -7.6939834059430716e-09 -6.3992742512120424e+02 -4.3540911205400801e+02 2.5048275503470796e+02 3.5040558820465236e+02
4.5600000000017449e-01 -2.2788364135160757e+02 -1.0218136381467958e-09 -1.0218136381467958e-09 -6.3264698464825415e+02 -4.3026531299993087e+02 2.4786591441494051e+02 3.4629055088002815e+02
4.5800000000017649e-01 -2.2441556975776035e+02 3.1018260937543118e-09 3.1018260937543118e-09 -6.2439198964927220e+02 -4.2440377970351631e+02 2.4493453446984896e+02 3.4160132642924896e+02
4.6000000000017849e-01 -2.2736119178014434e+02 -9.1621147646492319e-09 -9.1621147646492319e-09 -6.3399597883034119e+02 -4.3067858530524279e+02 2.4901193498456979e+02 3.4662116857012711e+02
4.6200000000018049e-01 -2.2336991216471105e+02 -4.9338681584742975e-10 -4.9338681584742975e-10 -6.3145263451196638e+02 -4.2741127333833873e+02 2.4989861064915937e+02 3.4400732021531149e+02
4.6400000000018249e-01 -2.2039744146797941e+02 4.1707392206546955e-10 4.1707392206546955e-10 -6.2656386035054493e+02 -4.2348065090926218e+02 2.4872511922895498e+02 3.4086282373817272e+02
4.6600000000018449e-01 -2.1839631638693075e+02 -2.6727313695573683e-10 -2.6727313695573683e-10 -6.2728656839901362e+02 -4.2284144239297217e+02 2.5039311955690644e+02 3.4035145716356561e+02
4.6800000000018649e-01 -2.1576751222939546e+02 -6.9081123044156816e-10 -6.9081123044156816e-10 -6.2633954981232591e+02 -4.2105353102086070e+02 2.5142299868324437e+02 3.3892112873276750e+02
4.7000000000018849e-01 -2.1240054019067063e+02 -3.1435912717370230e-09 -3.1435912717370230e-09 -6.2540827446534456e+02 -4.1890440732800761e+02 2.5291455219898356e+02 3.3720183058010838e+02
4.7200000000019049e-01 -2.1207940267132793e+02 6.6244402852078114e-10 6.6244402852078114e-10 -6.2507913289905116e+02 -4.1857926778518953e+02 2.5290965074125694e+02 3.3694171906713098e+02
4.7400000000019249e-01 -2.0461574401291028e+02 2.3240610946828610e-09 2.3240610946828610e-09 -6.1174145250801257e+02 -4.0817859826046140e+02 2.4931256174552180e+02 3.2862118732679909e+02
4.7600000000019449e-01 -2.0514763638825636e+02 2.3206424160093776e-09 2.3206424160093776e-09 -6.2492526136619983e+02 -4.1503644887722811e+02 2.5706024665833900e+02 3.3410746526223357e+02
4.7800000000019649e-01 -2.0188507966401289e+02 -6.8505149108943900e-10 -6.8505149108943900e-10 -6.1341220767945924e+02 -4.0764864367173607e+02 2.5200786973771392e+02 3.2819722385349195e+02
4.8000000000019849e-01 -2.0357228781372814e+02 1.9796529748816739e-09 1.9796529748816739e-09 -6.1663687001932135e+02 -4.1010457891652476e+02 2.5294936430490483e+02 3.3016197113325882e+02
4.8200000000020049e-01 -2.0278637346617867e+02 -2.1901498925558372e-09 -2.1901498925558372e-09 -6.2027456950538897e+02 -4.1153047148578383e+02 2.5565826348277454e+02 3.3130268465680808e+02
4.8400000000020249e-01 -1.9910445872235437e+02 -1.0083920187753392e-09 -1.0083920187753392e-09 -6.0903916014763843e+02 -4.0407180943499640e+02 2.5103271158802949e+02 3.2533575779825969e+02
4.8600000000020449e-01 -2.0122375574493705e+02 3.4016914796097809e-09 3.4016914796097809e-09 -6.1603041707154068e+02 -4.0862708640823888e+02 2.5401616553941278e+02 3.2897997767773495e+02
4.8800000000020649e-01 -2.0013941646418129e+02 -2.3985328123643513e-09 -2.3985328123643513e-09 -6.1447668079916480e+02 -4.0730804863167305e+02 2.5372871976034611e+02 3.2792474794848346e+02
4.9000000000020849e-01 -1.9715768383009592e+02 -7.4358666779517083e-10 -7.4358666779517083e-10 -6.0889171547714420e+02 -4.0302469965362008e+02 2.5213457181855227e+02 3.2449807036373068e+02
4.9200000000021049e-01 -1.9719580998253807e+02 1.6607378228172820e-09 1.6607378228172820e-09 -6.1410074869281186e+02 -4.0564827933767498e+02 2.5530109277161628e+02 3.2659693313237915e+02
4.9400000000021249e-01 -1.9479636143083943e+02 -1.1411896760904484e-09 -1.1411896760904484e-09 -6.0956179361638749e+02 -4.0217907752361344e+02 2.5399091794988297e+02 3.2382157297514249e+02
4.9600000000021449e-01 -1.9321340373801533e+02 4.9412134828230596e-10 4.9412134828230596e-10 -6.0928226051584670e+02 -4.0124783212693103e+02 2.5478909924220525e+02 3.2307657700515119e+02
4.9800000000021649e-01 -1.9211579665410432e+02 1.0705602271343650e-09 1.0705602271343650e-09 -6.0954987400308846e+02 -4.0083283532859639e+02 2.5562512268862412e+02 3.2274457972127732e+02
5.0000000000021849e-01 -1.9052953498721996e+02 -9.2929390405060989e-10 -9.2929390405060989e-10 -6.0724959285933210e+02 -3.9888956392327600e+02 2.5518787684243776e+02 3.2118996332186140e+02
5.0200000000022049e-01 -1.8975253604196160e+02 6.0962294767819007e-10 6.0962294767819007e-10 -6.0800635606017568e+02 -3.9887944605106861e+02 2.5612711050362418e+02 3.2118186902786948e+02
5.0400000000022249e-01 -1.8899033927868518e+02 -4.8229267690658164e-10 -4.8229267690658164e-10 -6.0630120285159296e+02 -3.9764577106513906e+02 2.5554966996845698e+02 3.2019492949928667e+02
5.0600000000022449e-01 -1.8877302346125501e+02 -6.3125696669885659e-10 -6.3125696669885659e-10 -6.0605996996948068e+02 -3.9741649671536783e+02 2.5553502381730289e+02 3.2001151010498904e+02
5.0800000000022649e-01 -1.8838807707893096e+02 8.2561124159497012e-10 8.2561124159497012e-10 -6.0570890940340757e+02 -3.9704849324116924e+02 2.5555577455713600e+02 3.1971710746289551e+02
5.1000000000022849e-01 -1.8736802665620775e+02 -2.2390528542359789e-10 -2.2390528542359789e-10 -6.0415749289573751e+02 -3.9576275977597265e+02 2.5523038061345096e+02 3.1868852117031690e+02
5.1200000000023049e-01 -1.8636234325395705e+02 -2.3387672243302407e-10 -2.3387672243302407e-10 -6.0409636715285819e+02 -3.9522935520340764e+02 2.5580880168797529e+02 3.1826179771122486e+02
5.1400000000023249e-01 -1.8514351830720582e+02 7.5644674524255612e-10 7.5644674524255612e-10 -6.0317607992428623e+02 -3.9415979911574601e+02 2.5599161795760384e+02 3.1740615324004011e+02
5.1600000000023449e-01 -1.8415260296404833e+02 -6.4119644704874192e-10 -6.4119644704874192e-10 -6.0241982181073195e+02 -3.9328621238739015e+02 2.5613531557684956e+02 3.1670728418320334e+02
5.1800000000023649e-01 -1.8349224818602713e+02 6.4609704253371090e-11 6.4609704253371090e-11 -6.0196638121394233e+02 -3.9272931469998474e+02 2.5626202411799034e+02 3.1626176624100191e+02
5.2000000000023849e-01 -1.8297736843363273e+02 4.6290178801200456e-10 4.6290178801200456e-10 -6.0116360798265850e+02 -3.9207048820814560e+02 2.5608572608710193e+02 3.1573470529327295e+02
5.2200000000024049e-01 -1.8276707596038815e+02 -2.8866580237263405e-10 -2.8866580237263405e-10 -6.0070668637969902e+02 -3.9173688117004360e+02 2.5593469720622483e+02 3.1546781978722674e+02
5.2400000000024249e-01 -1.8260649368307463e+02 4.1433469988305662e-11 4.1433469988305662e-11 -6.0002504399758573e+02 -3.9131576884033018e+02 2.5561561436070471e+02 3.1513093008053096e+02
5.2600000000024449e-01 -1.8253937669829074e+02 3.9596663725660617e-11 3.9596663725660617e-11 -5.9937287080985629e+02 -3.9095612375407353e+02 2.5525734206868799e+02 3.1484321414567330e+02
5.2800000000024649e-01 -1.8254469902762213e+02 5.7017732757458363e-11 5.7017732757458363e-11 -5.9877977217308046e+02 -3.9066223560035132e+02 2.5489088556410152e+02 3.1460810373231584e+02
5.3000000000024849e-01 -1.8253880869046677e+02 1.5719052726126394e-11 1.5719052726126394e-11 -5.9804298118639997e+02 -3.9029089493843338e+02 2.5444330215310018e+02 3.1431103134129160e+02
5.3200000000025049e-01 -1.8246464799744913e+02 3.4070151144760529e-10 3.4070151144760529e-10 -5.9724655811658727e+02 -3.8985560305701819e+02 2.5400100858221077e+02 3.1396279799852334e+02
5.3400000000025249e-01 -1.8234801347105014e+02 7.8929325297849577e-11 7.8929325297849577e-11 -5.9661064241249358e+02 -3.8947932794177188e+02 2.5368301510261483e+02 3.1366177804667694e+02
5.3600000000025450e-01 -1.8215514935123016e+02 5.7160773891951065e-10 5.7160773891951065e-10 -5.9592859014515341e+02 -3.8904186974819180e+02 2.5338344976520440e+02 3.1331181165498481e+02
5.3800000000025650e-01 -1.8192971492788783e+02 -3.5707373058357919e-10 -3.5707373058357919e-10 -5.9522578589599254e+02 -3.8857775041194020e+02 2.5309112164224021e+02 3.1294051635910006e+02
5.4000000000025850e-01 -1.8176510419581294e+02 -4.2953729462169575e-12 -4.2953729462169575e-12 -5.9463111160416247e+02 -3.8819810789998769e+02 2.5282776257264896e+02 3.1263680249114481e+02
5.4200000000026050e-01 -1.8167232922934028e+02 4.6467196312960368e-10 4.6467196312960368e-10 -5.9401548281427449e+02 -3.8784390602180736e+02 2.5250758130329123e+02 3.1235344112071783e+02
5.4400000000026250e-01 -1.8165484278736221e+02 1.5891014726321374e-10 1.5891014726321374e-10 -5.9320815619105804e+02 -3.8743149948921013e+02 2.5202390494769588e+02 3.1202351604846774e+02
5.4600000000026450e-01 -1.8175128217054981e+02 -6.1219330049766541e-10 -6.1219330049766541e-10 -5.9272820428440309e+02 -3.8723974322747642e+02 2.5167093880962119e+02 3.1187011111060588e+02
5.4800000000026650e-01 -1.8176938090819354e+02 -3.0941370354753416e-10 -3.0941370354753416e-10 -5.9198968664870245e+02 -3.8687953377844798e+02 2.5120760779818897e+02 3.1158194368574124e+02
5.5000000000026850e-01 -1.8177444470843091e+02 4.3311647601740334e-11 4.3311647601740334e-11 -5.9120763773614226e+02 -3.8649104122228658e+02 2.5072560166908599e+02 3.1127114978571990e+02
5.5200000000027050e-01 -1.8181204948901862e+02 2.9469564566397820e-10 2.9469564566397820e-10 -5.9062629214876483e+02 -3.8621917081889171e+02 2.5034657352468039e+02 3.1105365356441166e+02
5.5400000000027250e-01 -1.8176857218992512e+02 3.0879865775546023e-10 3.0879865775546023e-10 -5.8986631181019959e+02 -3.8581744200006233e+02 2.4990780681321561e+02 3.1073227065919303e+02
5.5600000000027450e-01 -1.8181713296668437e+02 -6.6912768659221912e-11 -6.6912768659221912e-11 -5.8928615453658369e+02 -3.8555164375163406e+02 2.4952279720934149e+02 3.1051963215959324e+02
5.5800000000027650e-01 -1.8177988722593480e+02 -3.3077522942903673e-11 -3.3077522942903673e-11 -5.8855558044632687e+02 -3.8516773383613082e+02 2.4909822203921681e+02 3.1021250437038907e+02
5.6000000000027850e-01 -1.8162504517795978e+02 1.2728543552498195e-10 1.2728543552498195e-10 -5.8762214895132774e+02 -3.8462359706464377e+02 2.4862143532313556e+02 3.0977719515616246e+02
5.6200000000028050e-01 -1.8177440373427660e+02 -1.2193037690622077e-10 -1.2193037690622077e-10 -5.8726769807141659e+02 -3.8452105090284658e+02 2.4831291631154616e+02 3.0969515826497445e+02
5.6400000000028250e-01 -1.8476921609490049e+02 -1.6240244793408466e-08 -1.6240244793408466e-08 -5.9544189443246989e+02 -3.9010555526368518e+02 2.5148462830729295e+02 3.1416275967062472e+02
5.6600000000028450e-01 -1.7878313060774428e+02 1.6357547236722780e-08 1.6357547236722780e-08 -5.7938828435137896e+02 -3.7908570747956162e+02 2.4531955375027781e+02 3.0534688555373003e+02
5.6800000000028650e-01 -1.9697737822174776e+02 7.3978705650290524e-09 7.3978705650290524e-09 -6.1391650962849633e+02 -4.0544694392512201e+02 2.5532203143643954e+02 3.2643586487743488e+02
5.7000000000028850e-01 -2.2835581675533794e+02 -8.2815587734152985e-08 -8.2815587734152985e-08 -6.8614017580168093e+02 -4.5724799627850945e+02 2.8033452297264716e+02 3.6787668743834780e+02
5.7200000000029050e-01 -2.0176171535605172e+02 6.7955207683212395e-09 6.7955207683212395e-09 -5.9513029824878777e+02 -3.9844600680241973e+02 2.4088807723222786e+02 3.2083511779062320e+02
5.7400000000029250e-01 -1.9293970295562579e+02 2.3120391485775827e-08 2.3120391485775827e-08 -6.2318364619446447e+02 -4.0806167457504512e+02 2.6346953146453080e+02 3.2852764842207858e+02
5.7600000000029450e-01 -2.0142384654241332e+02 1.4108171626503464e-08 1.4108171626503464e-08 -6.2027315881831953e+02 -4.1084850268036644e+02 2.5649177354790515e+02 3.3075710986684857e+02
5.7800000000029650e-01 -1.7796336421410817e+02 -1.5098023169457519e-08 -1.5098023169457519e-08 -5.8577058045659214e+02 -3.8186697233535017e+02 2.4972989830473148e+02 3.0757189640094890e+02
5.8000000000029850e-01 -1.8364711173596461e+02 -2.2967625001868442e-09 -2.2967625001868442e-09 -6.0911304456252492e+02 -3.9638007814924475e+02 2.6054360959058403e+02 3.1918237563867478e+02
5.8200000000030050e-01 -1.7507071869424482e+02 3.4787436886674075e-09 3.4787436886674075e-09 -5.9093559335182090e+02 -3.8300315602303283e+02 2.5466418621438615e+02 3.0848084292729840e+02
5.8400000000030250e-01 -1.7620018386893872e+02 -3.8399058155391687e-10 -3.8399058155391687e-10 -6.0404174698324880e+02 -3.9012096542609379e+02 2.6199838009620606e+02 3.1417508779480363e+02
5.8600000000030450e-01 -1.6984574371509123e+02 1.7553464459751923e-09 1.7553464459751923e-09 -5.8559564406878292e+02 -3.7772069389193706e+02 2.5459377911987406e+02 3.0425487519278062e+02
5.8800000000030650e-01 -1.7132163179582375e+02 -1.0727494981210839e-09 -1.0727494981210839e-09 -6.0160956485484371e+02 -3.8646559832533376e+02 2.6349646961786107e+02 3.1125079547764784e+02
5.9000000000030850e-01 -1.6570242028135019e+02 -7.3696358526831321e-09 -7.3696358526831321e-09 -5.8043724425871289e+02 -3.7306983227003155e+02 2.5397217432688419e+02 3.0053418763002799e+02
5.9200000000031050e-01 -1.6928430806128327e+02 9.0455033330272267e-09 9.0455033330272267e-09 -5.9939557263039569e+02 -3.8433994034583947e+02 2.6338828270438569e+02 3.0955026988692299e+02
5.9400000000031250e-01 -1.6483823908389977e+02 -3.7773055794332322e-09 -3.7773055794332322e-09 -5.8298944911167825e+02 -3.7391384409778902e+02 2.5606427497385442e+02 3.0120939677741745e+02
5.9600000000031450e-01 -1.6559115587850437e+02 -2.1456614263115625e-09 -2.1456614263115625e-09 -5.9019357741989904e+02 -3.7789236664920168e+02 2.6001481908163635e+02 3.0439221333455833e+02
5.9800000000031650e-01 -1.6443284824199563e+02 3.7441218125877643e-09 3.7441218125877643e-09 -5.8929711314517522e+02 -3.7686498069358544e+02 2.6017516473886332e+02 3.0357030495328041e+02
6.0000000000031850e-01 -1.6320382267168864e+02 -2.3262148118874393e-09 -2.3262148118874393e-09 -5.8314329616563407e+02 -3.7317355941866134e+02 2.5715935822829692e+02 3.0061716931024159e+02
6.0200000000032050e-01 -1.6405961959049338e+02 1.4674341031195581e-09 1.4674341031195581e-09 -5.9115721934515955e+02 -3.7760841946782648e+02 2.6154279744159248e+02 3.0416505569537048e+02
6.0400000000032250e-01 -1.6141664836362747e+02 1.5605181147293479e-10 1.5605181147293479e-10 -5.8153727156488821e+02 -3.7147695996425784e+02 2.5727028931579116e+02 2.9925989037955054e+02
6.0600000000032450e-01 -1.6276485736520166e+02 -4.2185170912034663e-10 -4.2185170912034663e-10 -5.8947138932371195e+02 -3.7611812334445682e+02 2.6130331830273832e+02 3.0297281935255540e+02
6.0800000000032650e-01 -1.6048967528053018e+02 1.1949826728141489e-09 1.1949826728141489e-09 -5.8258300941721984e+02 -3.7153634234887500e+02 2.5847832311624353e+02 2.9930739626509461e+02
6.1000000000032850e-01 -1.6069805976069091e+02 -1.6910426836602711e-10 -1.6910426836602711e-10 -5.8531659295305201e+02 -3.7300732635687143e+02 2.6002468541258173e+02 3.0048418292281463e+02
6.1200000000033050e-01 -1.6042749955864952e+02 -9.6624773959774756e-10 -9.6624773959774756e-10 -5.8629915328807920e+02 -3.7336332642336436e+02 2.6079206188808683e+02 3.0076898284322084e+02
6.1400000000033250e-01 -1.5882664763654969e+02 1.1725702364628887e-09 1.1725702364628887e-09 -5.8108085077812655e+02 -3.6995374920733809e+02 2.5857683486059420e+02 2.9804132234217246e+02
6.1600000000033450e-01 -1.5945396273077804e+02 -4.1409556672533657e-10 -4.1409556672533657e-10 -5.8665983512468290e+02 -3.7305689892773046e+02 2.6160910062140232e+02 3.0052384096101122e+02
6.1800000000033650e-01 -1.5785608001182393e+02 -1.1007160338749600e-09 -1.1007160338749600e-09 -5.8159904015498932e+02 -3.6972756008340662e+02 2.5948850861181620e+02 2.9786037112739587e+02
6.2000000000033850e-01 -1.5823166522806827e+02 1.3447195357230158e-09 1.3447195357230158e-09 -5.8440551586816093e+02 -3.7131859054811457e+02 2.6097711894632926e+02 2.9913319490570774e+02
6.2200000000034050e-01 -1.5707934031273712e+02 9.7861700965040651e-11 9.7861700965040651e-11 -5.8213623832508438e+02 -3.6960778931891076e+02 2.6029312794511998e+02 2.9776455456047370e+02
6.2400000000034250e-01 -1.5688463435599419e+02 -1.3279986177394676e-09 -1.3279986177394676e-09 -5.8249521779377289e+02 -3.6968992607488354e+02 2.6063218963770072e+02 2.9783026393461489e+02
6.2600000000034450e-01 -1.5685182751427732e+02 7.9607129777059524e-10 7.9607129777059524e-10 -5.8367344537289353e+02 -3.7026263644358539e+02 2.6137379373570042e+02 2.9828843201595532e+02
6.2800000000034650e-01 -1.5570066987960396e+02 5.3951268341734251e-10 5.3951268341734251e-10 -5.7986364504574965e+02 -3.6778215746267682e+02 2.5974571423446741e+02 2.9630404975644740e+02
6.3000000000034850e-01 -1.5627002924533477e+02 -1.1266931210229813e-09 -1.1266931210229813e-09 -5.8355014426517414e+02 -3.6991008675525444e+02 2.6165456475907831e+02 2.9800639239679163e+02
6.3200000000035050e-01 -1.5555968008520176e+02 -1.1686905310170915e-09 -1.1686905310170915e-09 -5.8090180233018384e+02 -3.6823074120769280e+02 2.6046779140317807e+02 2.9666291658513842e+02
6.3400000000035250e-01 -1.5551181989893701e+02 3.1104878672749691e-10 3.1104878672749691e-10 -5.8097888580051244e+02 -3.6824535284972472e+02 2.6054430345449089e+02 2.9667460589331375e+02
6.3600000000035450e-01 -1.5538677223855066e+02 6.3591574672727800e-10 6.3591574672727800e-10 -5.8115846111759981e+02 -3.6827261667807522e+02 2.6073084616917538e+02 2.9669641694582475e+02
6.3800000000035650e-01 -1.5530463229484118e+02 -5.6834551287465732e-10 -5.6834551287465732e-10 -5.8069491798077127e+02 -3.6799977513780624e+02 2.6049728536682284e+02 2.9647814381537944e+02
6.4000000000035850e-01 -1.5561190922670841e+02 3.9451656164146701e-10 3.9451656164146701e-10 -5.8100164468577441e+02 -3.6830677695624138e+02 2.6049694842305792e+02 2.9672374515561592e+02
6.4200000000036050e-01 -1.5541167316545511e+02 -1.2256862547133096e-09 -1.2256862547133096e-09 -5.7890806077262732e+02 -3.6715986696904122e+02 2.5933751438737431e+02 2.9580621759365329e+02
6.4400000000036250e-01 -1.6030545122409137e+02 -1.1825589751879307e-09 -1.1825589751879307e-09 -5.9400966288171719e+02 -3.7715755705290428e+02 2.6558850446430472e+02 3.0380436593160448e+02
6.4600000000036450e-01 -1.4997737089147412e+02 4.8067082047964507e-09 4.8067082047964507e-09 -5.7554789771410242e+02 -3.6276263430278829e+02 2.6060766007071533e+02 2.9228843310081913e+02
6.4800000000036651e-01 -1.6331905065961604e+02 3.5067802173216478e-09 3.5067802173216478e-09 -5.9736900026876776e+02 -3.8034402546419187e+02 2.6580022485579315e+02 3.0635353947208154e+02
6.5000000000036851e-01 -1.6416983756301730e+02 -2.6665537022907415e-09 -2.6665537022907415e-09 -5.8327434929918400e+02 -3.7372209343110063e+02 2.5664805066297311e+02 3.0105599631558977e+02
6.5200000000037051e-01 -1.6939791135532352e+02 -1.6544410702534763e-10 -1.6544410702534763e-10 -5.8187700370059486e+02 -3.7563745752795921e+02 2.5259082645306435e+02 3.0258828687864570e+02
6.5400000000037251e-01 -1.6211061334998885e+02 -1.2358923795474652e-09 -1.2358923795474652e-09 -5.7832191924654705e+02 -3.7021626629826795e+02 2.5487633115600278e+02 2.9825133591699745e+02
6.5600000000037451e-01 -1.6529451347017439e+02 1.7215582437390965e-09 1.7215582437390965e-09 -5.8188597200708307e+02 -3.7359024273862872e+02 2.5510912615431036e+02 3.0095051581079258e+02
6.5800000000037651e-01 -1.5968795923540557e+02 1.0347940126997911e-09 1.0347940126997911e-09 -5.7889069729809717e+02 -3.6928932826675134e+02 2.5670820175779659e+02 2.9750978583753215e+02
6.6000000000037851e-01 -1.6433812144063799e+02 -2.7353652992667677e-09 -2.7353652992667677e-09 -5.8739936514021770e+02 -3.7586874329042786e+02 2.5907104425280374e+02 3.0277331540235099e+02
6.6200000000038051e-01 -1.5952093332877510e+02 2.0352539298329475e-09 2.0352539298329475e-09 -5.7492026468286565e+02 -3.6722059900582036e+02 2.5437910032770887e+02 2.9585480320042359e+02
6.6400000000038251e-01 -1.6228365872422205e+02 -1.4137198234287496e-09 -1.4137198234287496e-09 -5.8084078338920779e+02 -3.7156222105671492e+02 2.5631284590892562e+02 2.9932809922171379e+02
6.6600000000038451e-01 -1.6177298538989513e+02 8.6277118782618353e-11 8.6277118782618353e-11 -5.7751937299034375e+02 -3.6964617919011943e+02 2.5459162800661460e+02 2.9779526644312119e+02
6.6800000000038651e-01 -1.6481419417190585e+02 -3.1889896501269276e-09 -3.1889896501269276e-09 -5.8108356720565371e+02 -3.7294888068877981e+02 2.5491188987023745e+02 3.0043742641014154e+02
6.7000000000038851e-01 -1.6411061803410209e+02 5.1546621904208220e-09 5.1546621904208220e-09 -5.7583971396571371e+02 -3.6997516599990792e+02 2.5213154932246843e+02 2.9805845576823987e+02
6.7200000000039051e-01 -1.6701791451522593e+02 -3.0632879832737106e-09 -3.0632879832737106e-09 -5.8187610698572018e+02 -3.7444701075047305e+02 2.5404772179151129e+02 3.0163592990069350e+02
6.7400000000039251e-01 -1.6750037337046786e+02 -2.3209545840785495e-10 -2.3209545840785495e-10 -5.7304754331146182e+02 -3.7027395834096484e+02 2.4834590824630277e+02 2.9829748952963581e+02
6.7600000000039451e-01 -1.7017619530236726e+02 1.1963911816792460e-09 1.1963911816792460e-09 -5.8424733852798727e+02 -3.7721176691517724e+02 2.5356575452841511e+02 3.0384773380120254e+02
6.7800000000039651e-01 -1.6714475226632203e+02 1.0015869866819572e-09 1.0015869866819572e-09 -5.7282340394074242e+02 -3.6998407810353223e+02 2.4842642403565063e+02 2.9806558544781512e+02
6.8000000000039851e-01 -1.7022162755059742e+02 -9.9049574764364940e-10 -9.9049574764364940e-10 -5.7843869790286078e+02 -3.7433016272672910e+02 2.4998088166421701e+02 3.0154245152528267e+02
6.8200000000040051e-01 -1.7142185664811441e+02 3.5938724440853776e-10 3.5938724440853776e-10 -5.7559305467462218e+02 -3.7350745566136828e+02 2.4750330097357988e+02 3.0088428617986381e+02
6.8400000000040251e-01 -1.7318869284976074e+02 1.4708007345376474e-09 1.4708007345376474e-09 -5.7577294250257103e+02 -3.7448081767616588e+02 2.4653149753265527e+02 3.0166297542863776e+02
6.8600000000040451e-01 -1.7546561318546853e+02 -6.0550185310148661e-10 -6.0550185310148661e-10 -5.8249961444597398e+02 -3.7898261381572127e+02 2.4925640276290082e+02 3.0526441066111175e+02
6.8800000000040651e-01 -1.7474454030844205e+02 5.6823356686663828e-10 5.6823356686663828e-10 -5.7272577049239624e+02 -3.7373515540041916e+02 2.4371273528895665e+02 3.0106644588617252e+02
6.9000000000040851e-01 -1.7820696916959994e+02 1.7677158403728301e-10 1.7677158403728301e-10 -5.7841334359996495e+02 -3.7831015638478243e+02 2.4507535229090578e+02 3.0472644496718732e+02
6.9200000000041051e-01 -1.7938908585725264e+02 1.3481618310606791e-09 1.3481618310606791e-09 -5.7852539271268256e+02 -3.7895723928496761e+02 2.4442007240368366e+02 3.0524411104597351e+02
6.9400000000041251e-01 -1.7762854917874694e+02 -1.1377404529611114e-09 -1.1377404529611114e-09 -5.7474852431722195e+02 -3.7618853674798447e+02 2.4318532643900130e+02 3.0302915004911330e+02
6.9600000000041451e-01 -1.8015257898515992e+02 1.2132329407776865e-09 1.2132329407776865e-09 -5.7467064902298364e+02 -3.7741161400407179e+02 2.4159199147506612e+02 3.0400761139777524e+02
6.9800000000041651e-01 -1.8226009309665537e+02 1.7544288510862316e-09 1.7544288510862316e-09 -5.7971533569623352e+02 -3.8098771439644446e+02 2.4339063499076656e+02 3.0686849037778757e+02
7.0000000000041851e-01 -1.8033789535185505e+02 -1.2841780394623470e-09 -1.2841780394623470e-09 -5.7442230338821037e+02 -3.7738009937003272e+02 2.4132642881895822e+02 3.0398239970229895e+02
7.0200000000042051e-01 -1.8188727456540411e+02 4.3135728322596378e-10 4.3135728322596378e-10 -5.7410627178708671e+02 -3.7799677317624543e+02 2.4018410265480381e+02 3.0447573851724974e+02
7.0400000000042251e-01 -1.8438824005106457e+02 5.7180983503712925e-10 5.7180983503712925e-10 -5.7939391844962893e+02 -3.8189107925034676e+02 2.4189058939459852e+02 3.0759118192395431e+02
7.0600000000042451e-01 -1.8211489303539355e+02 1.9117002247881487e-09 1.9117002247881487e-09 -5.7293508312041479e+02 -3.7752498807790414e+02 2.3932751172145785e+02 3.0409831061455253e+02
7.0800000000042651e-01 -1.8403993815207573e+02 -3.0107094506348633e-09 -3.0107094506348633e-09 -5.7581702364675266e+02 -3.7992848089941418e+02 2.3991348809417485e+02 3.0602110397525757e+02
7.1000000000042851e-01 -1.8331330853845688e+02 3.0303865727887569e-09 3.0303865727887569e-09 -5.7434328615895254e+02 -3.7882829734870472e+02 2.3945597982553494e+02 3.0514095754505854e+02
7.1200000000043051e-01 -1.8357747872953573e+02 -1.8207443153173131e-09 -1.8207443153173131e-09 -5.7369103565763533e+02 -3.7863425719358554e+02 2.3889478905401032e+02 3.0498572549334023e+02
7.1400000000043251e-01 -1.8357739528475119e+02 2.9717169436338509e-09 2.9717169436338509e-09 -5.7434926865033140e+02 -3.7896333196754131e+02 2.3929792389428889e+02 3.0524898518975988e+02
7.1600000000043451e-01 -1.8251116230782512e+02 -7.9893237714401271e-09 -7.9893237714401271e-09 -5.7260927116328958e+02 -3.7756021673555733e+02 2.3888532908014398e+02 3.0412649352753482e+02
7.1800000000043651e-01 -1.8418706876205192e+02 1.0094302203000893e-08 1.0094302203000893e-08 -5.7563497511980938e+02 -3.7991102194093065e+02 2.3971190786431924e+02 3.0600713681498291e+02
7.2000000000043851e-01 -1.8237953036574925e+02 -5.3201253669143969e-09 -5.3201253669143969e-09 -5.7206631809146961e+02 -3.7722292422860943e+02 2.3863344735806942e+02 3.0385665964778661e+02
7.2200000000044051e-01 -1.8314311934867612e+02 3.6944459846921519e-09 3.6944459846921519e-09 -5.7519135997336957e+02 -3.7916723966102285e+02 2.4007953602159446e+02 3.0541211126848754e+02
7.2400000000044251e-01 -1.8116294731958456e+02 -1.5069757397512262e-09 -1.5069757397512262e-09 -5.7174190995720073e+02 -3.7645242863839263e+02 2.3917979068193375e+02 3.0324026346300809e+02
7.2600000000044451e-01 -1.8297961543881596e+02 2.9822894065389962e-09 2.9822894065389962e-09 -5.7511304857728180e+02 -3.7904633200804886e+02 2.4013170556875633e+02 3.0531538519120687e+02
7.2800000000044651e-01 -1.7998506139165323e+02 2.9376634991251649e-09 2.9376634991251649e-09 -5.7136154268226369e+02 -3.7567330203695849e+02 2.3966816912198067e+02 3.0261696247247511e+02
7.3000000000044851e-01 -1.8035811277373952e+02 -5.3850904890850869e-09 -5.3850904890850869e-09 -5.7442884033978623e+02 -3.7739347655676289e+02 2.4131805127603388e+02 3.0399310144669334e+02
7.3200000000045051e-01 -1.7984274673446950e+02 5.9392873463792742e-09 5.9392873463792742e-09 -5.7280171637661351e+02 -3.7632223155554152e+02 2.4063724136826949e+02 3.0313610584529073e+02
7.3400000000045251e-01 -1.8974626359606719e+02 -6.0328319184677075e-09 -6.0328319184677075e-09 -5.8120973875524578e+02 -3.8547800117565646e+02 2.3972144176916635e+02 3.1046071812627986e+02
7.3600000000045451e-01 -1.8879003610469107e+02 5.0071597890166688e-09 5.0071597890166688e-09 -5.6247553328778031e+02 -3.7563278469623572e+02 2.2883469809420234e+02 3.0258454861500985e+02
7.3800000000045651e-01 -1.9088305781104538e+02 -9.5229099272842184e-10 -9.5229099272842184e-10 -5.7921695092260438e+02 -3.8505000436682485e+02 2.3780497198795572e+02 3.1011832083885741e+02
7.4000000000045851e-01 -1.8815773039125992e+02 -2.2135559607505683e-10 -2.2135559607505683e-10 -5.6851722095043681e+02 -3.7833747567084833e+02 2.3292166767373470e+02 3.0474830038584997e+02
7.4200000000046051e-01 -1.9195771647509241e+02 3.8527763734919067e-09 3.8527763734919067e-09 -5.7270902002428909e+02 -3.8233336824969075e+02 2.3316160314877038e+02 3.0794501295845566e+02
7.4400000000046251e-01 -1.9227466474148633e+02 -3.8078159114718347e-09 -3.8078159114718347e-09 -5.7186555099180794e+02 -3.8207010786664716e+02 2.3245099558103470e+02 3.0773440475021687e+02
7.4600000000046451e-01 -1.9181965015562045e+02 2.8358747439227726e-09 2.8358747439227726e-09 -5.6902186692652231e+02 -3.8042075854107139e+02 2.3098824023385023e+02 3.0641492590496375e+02
7.4800000000046651e-01 -1.9307392498486152e+02 -4.9627876919089428e-10 -4.9627876919089428e-10 -5.7388487370333610e+02 -3.8347939934409879e+02 2.3319812820635860e+02 3.0886183740651239e+02
7.5000000000046851e-01 -1.9100400990177411e+02 2.2721680359438781e-09 2.2721680359438781e-09 -5.6643284319732061e+02 -3.7871842654954736e+02 2.2990226907562422e+02 3.0505306094671448e+02
7.5200000000047051e-01 -2.0025452606012573e+02 -4.0626732555892890e-09 -4.0626732555892890e-09 -5.9039992818010376e+02 -3.9532722712011474e+02 2.3891429017172612e+02 3.1834009520808428e+02
7.5400000000047251e-01 -1.9336180949158904e+02 1.7501743143633065e-08 1.7501743143633065e-08 -5.6208570769467622e+02 -3.7772375859313263e+02 2.2579635164187269e+02 3.0425732695259393e+02
7.5600000000047451e-01 -1.8323364050485307e+02 -7.2623970481799917e-09 -7.2623970481799917e-09 -5.7667805931744238e+02 -3.7995584991114771e+02 2.4093451705918162e+02 3.0604299917443569e+02
7.5800000000047651e-01 -1.8187908247577857e+02 2.9527973843812560e-10 2.9527973843812560e-10 -5.7682126789000370e+02 -3.7935017518289112e+02 2.4185170804112914e+02 3.0555845961774719e+02
7.6000000000047852e-01 -1.8858706956581554e+02 2.2340719141311637e-09 2.2340719141311637e-09 -5.8128478213931112e+02 -3.8493592585256334e+02 2.4047725474079851e+02 3.1002705806999944e+02
7.6200000000048052e-01 -1.7781078649520103e+02 -2.8051578837562374e-09 -2.8051578837562374e-09 -5.8009767341203008e+02 -3.7895422995361554e+02 2.4634940078973730e+02 3.0524170358201434e+02
7.6400000000048252e-01 -1.8212521273841901e+02 -2.3883487365594648e-09 -2.3883487365594648e-09 -5.7290952603936171e+02 -3.7751736938889036e+02 2.3930554176780674e+02 3.0409221566618328e+02
7.6600000000048452e-01 -1.8396830087615552e+02 7.3396254540725183e-09 7.3396254540725183e-09 -5.7736613485341138e+02 -3.8066721786478342e+02 2.4090598979010196e+02 3.0661209327200402e+02
7.6800000000048652e-01 -1.8405629904712242e+02 -2.4990513391998092e-09 -2.4990513391998092e-09 -5.7645150470653221e+02 -3.8025390187682729e+02 2.4029200784500497e+02 3.0628144063580595e+02
7.7000000000048852e-01 -1.8824751400341941e+02 -3.5889244920372933e-09 -3.5889244920372933e-09 -5.7810310709707562e+02 -3.8317531055024750e+02 2.3873681911239083e+02 3.0861856648485650e+02
7.7200000000049052e-01 -1.8795404685276623e+02 4.3221576850882575e-09 4.3221576850882575e-09 -5.6764364058444471e+02 -3.7779884371860544e+02 2.3251144132181463e+02 3.0431739502496544e+02
7.7400000000049252e-01 -1.9395899427568253e+02 -8.7054838004974042e-10 -8.7054838004974042e-10 -5.8914838259995736e+02 -3.9155368843781991e+02 2.4200308828926737e+02 3.1532126566977871e+02
7.7600000000049452e-01 -1.8956310689016726e+02 -3.9244026606155556e-09 -3.9244026606155556e-09 -5.6619576981027410e+02 -3.7787943835022065e+02 2.3063946115497899e+02 3.0438187070019580e+02
7.7800000000049652e-01 -1.9257464685224434e+02 1.8036131255172450e-10 1.8036131255172450e-10 -5.8070325962209597e+02 -3.8663895323717014e+02 2.3767926396510393e+02 3.1138947934245556e+02
7.8000000000049852e-01 -1.9192503221719093e+02 3.1012941947849983e-09 3.1012941947849983e-09 -5.7507528636256222e+02 -3.8350015928987659e+02 2.3463065436846369e+02 3.0887844535539114e+02
7.8200000000050052e-01 -1.9239401388249144e+02 -6.0910816834791600e-10 -6.0910816834791600e-10 -5.7450768687227207e+02 -3.8345085037738176e+02 2.3399588064141832e+02 3.0883899824378750e+02
7.8400000000050252e-01 -1.9258009523821787e+02 -4.3278223360587728e-09 -4.3278223360587728e-09 -5.7607122235217673e+02 -3.8432565879519728e+02 2.3483939557850056e+02 3.0953884465173633e+02
7.8600000000050452e-01 -1.9225616622674363e+02 1.8575247295871124e-09 1.8575247295871124e-09 -5.7612990655236297e+02 -3.8419303638955330e+02 2.3507369736285446e+02 3.0943274677668927e+02
7.8800000000050652e-01 -1.9186052080017194e+02 -2.2119957421296023e-10 -2.2119957421296023e-10 -5.7427824195262872e+02 -3.8306938137640032e+02 2.3418207135536514e+02 3.0853382318529032e+02
7.9000000000050852e-01 -1.9240694772882972e+02 -9.0802472652029571e-10 -9.0802472652029571e-10 -5.7563484901447896e+02 -3.8402089837165431e+02 2.3467820333688053e+02 3.0929503642657755e+02
7.9200000000051052e-01 -1.9223967961705017e+02 -2.4128032727332993e-09 -2.4128032727332993e-09 -5.7668256591820216e+02 -3.8446112276762619e+02 2.3542222667015784e+02 3.0964721577915134e+02
7.9400000000051252e-01 -1.9137141117969369e+02 1.5721903379173342e-09 1.5721903379173342e-09 -5.7351290404893541e+02 -3.8244215761431457e+02 2.3401291676876463e+02 3.0803204440957626e+02
7.9600000000051452e-01 -1.9187830602432908e+02 -3.4836962203854683e-10 -3.4836962203854683e-10 -5.7572100193885103e+02 -3.8379965398159004e+02 2.3505468662121604e+02 3.0911804099705034e+02
7.9800000000051652e-01 -1.9152890007354722e+02 -6.5284053718528410e-10 -6.5284053718528410e-10 -5.7578676606425813e+02 -3.8365783306890268e+02 2.3530892533199983e+02 3.0900458431979968e+02
8.0000000000051852e-01 -1.9141873972793488e+02 -2.2888086048666878e-09 -2.2888086048666878e-09 -5.7489483851805232e+02 -3.8315678912299359e+02 2.3483019264722537e+02 3.0860374934996184e+02
8.0200000000052052e-01 -1.9149137615933068e+02 1.2278489691652794e-09 1.2278489691652794e-09 -5.7444364095959111e+02 -3.8296750855946090e+02 2.3450941115095637e+02 3.0845232496973739e+02
8.0400000000052252e-01 -1.9185303455491547e+02 -3.7169212596666059e-09 -3.7169212596666059e-09 -5.7574499615945342e+02 -3.8379901535718443e+02 2.3508485557180737e+02 3.0911753009776407e+02
8.0600000000052452e-01 -1.9202720918051608e+02 4.9035697680110958e-09 4.9035697680110958e-09 -5.7430209554042597e+02 -3.8316465236047100e+02 2.3409460326555106e+02 3.0861003993701075e+02
8.0800000000052652e-01 -1.9098893993312512e+02 1.5183584345379587e-09 1.5183584345379587e-09 -5.7295803850427376e+02 -3.8197348921869946e+02 2.3390734725254129e+02 3.0765710986789753e+02
8.1000000000052852e-01 -1.9169785489063818e+02 -1.2199211418817413e-10 -1.2199211418817413e-10 -5.7621759782151378e+02 -3.8395772635607597e+02 2.3546929155170105e+02 3.0924449883767812e+02
8.1200000000053052e-01 -1.9159575206080041e+02 -8.3630140146340185e-10 -8.3630140146340185e-10 -5.7258584848017927e+02 -3.8209080027048981e+02 2.3330783332031064e+02 3.0775095866557274e+02
8.1400000000053252e-01 -1.9394336013287597e+02 -4.0901128661730016e-09 -4.0901128661730016e-09 -5.8300158090616117e+02 -3.8847247051951854e+02 2.3824853028240881e+02 3.1285629248443217e+02
8.1600000000053452e-01 -1.8188318246371091e+02 7.6225446843380949e-10 7.6225446843380949e-10 -5.6635883233067557e+02 -3.7412100739719324e+02 2.3544229017475661e+02 3.0137512733966889e+02
8.1800000000053652e-01 -1.8425458706005972e+02 8.7873817578021376e-09 8.7873817578021376e-09 -5.7945799931815111e+02 -3.8185629318910543e+02 2.4201167615977664e+02 3.0756335308793643e+02
8.2000000000053852e-01 -1.8340663400726689e+02 -2.5630375821705797e-09 -2.5630375821705797e-09 -5.7333622725744954e+02 -3.7837143063235823e+02 2.3878213476848478e+02 3.0477546434239270e+02
8.2200000000054052e-01 -1.8517960520623157e+02 -1.1474112140419380e-08 -1.1474112140419380e-08 -5.7485568293764698e+02 -3.8001764407193929e+02 2.3862688885277058e+02 3.0609243448001979e+02
8.2400000000054252e-01 -1.8887010934427164e+02 3.2642517178160802e-09 3.2642517178160802e-09 -5.7217882360788462e+02 -3.8052446647607815e+02 2.3472769097703201e+02 3.0649789221428603e+02
8.2600000000054452e-01 -1.8787717997428842e+02 5.2130086736212892e-09 5.2130086736212892e-09 -5.7152337453135829e+02 -3.7970027725282335e+02 2.3493435460633552e+02 3.0583854114310486e+02
8.2800000000054652e-01 -1.8875610812277816e+02 -1.5144569021074972e-09 -1.5144569021074972e-09 -5.7440348449871385e+02 -3.8157979631074602e+02 2.3615982319102454e+02 3.0734215568838221e+02
8.3000000000054852e-01 -1.8888517726502525e+02 -5.1666983758025251e-09 -5.1666983758025251e-09 -5.7115204230996005e+02 -3.8001860978749266e+02 2.3408969123336229e+02 3.0609320705210229e+02
8.3200000000055052e-01 -1.8718122937011128e+02 -1.6702981131544448e-09 -1.6702981131544448e-09 -5.7215240249796318e+02 -3.7966681593403723e+02 2.3574573496097005e+02 3.0581177210055705e+02
8.3400000000055252e-01 -1.8708913956146833e+02 3.0744517331982024e-09 3.0744517331982024e-09 -5.7284247609283159e+02 -3.7996580782714994e+02 2.3622471026949043e+02 3.0605096550352323e+02
8.3600000000055452e-01 -1.8347389449276733e+02 -7.8066271669285931e-10 -7.8066271669285931e-10 -5.6896287177402314e+02 -3.7621838313339526e+02 2.3606282395160343e+02 3.0305302714630920e+02
8.3800000000055652e-01 -1.8372039090152120e+02 -1.8078325680903618e-09 -1.8078325680903618e-09 -5.7671688651260285e+02 -3.8021863870706204e+02 2.4066022123726967e+02 3.0625323011314697e+02
8.4000000000055852e-01 -1.7990055141583338e+02 1.4121856217741426e-09 1.4121856217741426e-09 -5.6675345579140173e+02 -3.7332700360361753e+02 2.3689805530845908e+02 3.0073992460097185e+02
8.4200000000056052e-01 -1.8010810300214510e+02 -7.9278315912034712e-10 -7.9278315912034712e-10 -5.7407875762740366e+02 -3.7709343031477437e+02 2.4125676936553623e+02 3.0375306456501983e+02
8.4400000000056252e-01 -1.7861519323100882e+02 2.7743330921481403e-09 2.7743330921481403e-09 -5.7219861836276436e+02 -3.7540690579688658e+02 2.4101964069742655e+02 3.0240384557978336e+02
8.4600000000056452e-01 -1.7727448268449041e+02 5.0525895822772779e-09 5.0525895822772779e-09 -5.6784214070892585e+02 -3.7255831169670813e+02 2.3917286804842567e+02 3.0012497136216649e+02
8.4800000000056652e-01 -1.7843565682700188e+02 -4.0956144431447682e-09 -4.0956144431447682e-09 -5.7317243713149014e+02 -3.7580404697924598e+02 2.4172592361377522e+02 3.0272155837753718e+02
8.5000000000056852e-01 -1.7754313346273543e+02 -2.1461444958958963e-08 -2.1461444958958963e-08 -5.7230220707262890e+02 -3.7492267026768218e+02 2.4173957541950591e+02 3.0201645733703975e+02
8.5200000000057052e-01 -1.7615381225093094e+02 2.0715301567442169e-08 2.0715301567442169e-08 -5.6897821196570703e+02 -3.7256601210831900e+02 2.4055483445407577e+02 3.0013113168858291e+02
8.5400000000057252e-01 -1.7689597873973878e+02 -2.2825994161479459e-09 -2.2825994161479459e-09 -5.7188242771032685e+02 -3.7438920322503282e+02 2.4187881382295168e+02 3.0158968390190353e+02
8.5600000000057452e-01 -1.7638427665592224e+02 -1.0322448504851423e-08 -1.0322448504851423e-08 -5.7077385513992419e+02 -3.7357906589792321e+02 2.4151330678928602e+02 3.0094157434239713e+02
8.5800000000057652e-01 -1.7560401325339967e+02 -2.3543552174487557e-09 -2.3543552174487557e-09 -5.7055974346992298e+02 -3.7308187836166132e+02 2.4186000250470349e+02 3.0054382449883860e+02
8.6000000000057852e-01 -1.7555084839083560e+02 4.7952607840073824e-09 4.7952607840073824e-09 -5.7287355703115497e+02 -3.7421220271099526e+02 2.4330947484732289e+02 3.0144808355669466e+02
8.6200000000058052e-01 -1.7454567102664444e+02 5.4883527678128986e-09 5.4883527678128986e-09 -5.6922034570498249e+02 -3.7188300836581345e+02 2.4168789184021921e+02 2.9958472894933891e+02
8.6400000000058252e-01 -1.7415770546088154e+02 -5.2335134892445017e-09 -5.2335134892445017e-09 -5.6899411870486597e+02 -3.7157591208287374e+02 2.4178693607961003e+02 2.9933905203753409e+02
8.6600000000058452e-01 -1.7529810117484988e+02 -5.6444686613588148e-09 -5.6444686613588148e-09 -5.7344183001104841e+02 -3.7436996559294914e+02 2.4381224498442884e+02 3.0157429380341222e+02
8.6800000000058652e-01 -1.7344572570567672e+02 1.7830760778991816e-09 1.7830760778991816e-09 -5.6919517069876258e+02 -3.7132044820221967e+02 2.4234605155567482e+02 2.9913468102829887e+02
8.7000000000058852e-01 -1.7267189122065949e+02 5.8808559266765320e-09 5.8808559266765320e-09 -5.7001251235891505e+02 -3.7134220178978728e+02 2.4332044396731342e+02 2.9915208389023888e+02
8.7200000000059052e-01 -1.7384817042138374e+02 1.0392911153900286e-09 1.0392911153900286e-09 -5.7139058647266734e+02 -3.7261937844702555e+02 2.4344401760971544e+02 3.0017382473964250e+02
8.7400000000059253e-01 -1.7262028464599138e+02 -6.4698273138930060e-09 -6.4698273138930060e-09 -5.6650644056641556e+02 -3.6956336260620344e+02 2.4120502468784363e+02 2.9772901320687902e+02
8.7600000000059453e-01 -1.7368259545354914e+02 2.1968333907551598e-09 2.1968333907551598e-09 -5.7301884941856372e+02 -3.7335072243605646e+02 2.4454251450219036e+02 3.0075889965807585e+02
8.7800000000059653e-01 -1.7300968510640473e+02 1.1419923904298912e-08 1.1419923904298912e-08 -5.7109927031615814e+02 -3.7205447771128144e+02 2.4377908892002523e+02 2.9972190436175521e+02
8.8000000000059853e-01 -1.7107384156648934e+02 -5.2583180121246185e-09 -5.2583180121246185e-09 -5.6531932131811152e+02 -3.6819658144230044e+02 2.4142506469755790e+02 2.9663558878556609e+02
8.8200000000060053e-01 -1.7331971165312592e+02 -1.6542721814616356e-08 -1.6542721814616356e-08 -5.7317890258632087e+02 -3.7324930711972343e+02 2.4486274668711033e+02 3.0067776744283736e+02
8.8400000000060253e-01 -1.7170734381814751e+02 1.3301440695556721e-08 1.3301440695556721e-08 -5.6787663067194069e+02 -3.6979198724504408e+02 2.4260315113852326e+02 2.9791191283267449e+02
8.8600000000060453e-01 -1.6983726354537413e+02 8.0713823980005368e-09 8.0713823980005368e-09 -5.6882253288310642e+02 -3.6932989821424030e+02 2.4432758119108973e+02 2.9754224178039067e+02
8.8800000000060653e-01 -1.7227943497484623e+02 -2.8785515659990326e-08 -2.8785515659990326e-08 -5.7331077601590323e+02 -3.7279510549537474e+02 2.4558053910366291e+02 3.0031440631277565e+02
8.9000000000060853e-01 -1.6990817692003731e+02 1.6830606419659943e-08 1.6830606419659943e-08 -5.6360641333894614e+02 -3.6675729512949169e+02 2.4108994796498595e+02 2.9548416027217303e+02
8.9200000000061053e-01 -1.7041488543019500e+02 2.3551856624948186e-08 2.3551856624948186e-08 -5.7272723611403956e+02 -3.7157106077211728e+02 2.4636499409876654e+02 2.9933517099073845e+02
8.9400000000061253e-01 -1.7013387774041399e+02 -4.0835554395712848e-08 -4.0835554395712848e-08 -5.6957285669680311e+02 -3.6985336721860858e+02 2.4460542045536522e+02 2.9796101678863135e+02
8.9600000000061453e-01 -1.6758224507562693e+02 1.6329165921646905e-08 1.6329165921646905e-08 -5.6515826523169926e+02 -3.6637025515366309e+02 2.4346459583721432e+02 2.9517452843587608e+02
8.9800000000061653e-01 -1.6942894887000043e+02 3.7196792481708483e-08 3.7196792481708483e-08 -5.7296030928280823e+02 -3.7119462907640434e+02 2.4711148205562861e+02 2.9903402577457717e+02
9.0000000000061853e-01 -1.6847987908932853e+02 -4.4192801649245437e-08 -4.4192801649245437e-08 -5.6556756203647615e+02 -3.6702372056290233e+02 2.4316555159114421e+02 2.9569730051952479e+02
9.0200000000062053e-01 -1.6673076482842592e+02 -6.3496066093904348e-09 -6.3496066093904348e-09 -5.6850076925037558e+02 -3.6761576703940074e+02 2.4603287619737947e+02 2.9617093747989014e+02
9.0400000000062253e-01 -1.6822665405800839e+02 6.1116422491735989e-08 6.1116422491735989e-08 -5.7248546941939856e+02 -3.7035606173870349e+02 2.4755695541435097e+02 2.9836317221720219e+02
9.0600000000062453e-01 -1.6565486401191046e+02 -4.3478852660427950e-08 -4.3478852660427950e-08 -5.6277494497103055e+02 -3.6421490449147052e+02 2.4318539124064745e+02 2.9345024871006797e+02
9.0800000000062653e-01 -1.6604247753223984e+02 -3.9345901576837152e-08 -3.9345901576837152e-08 -5.7190854604464562e+02 -3.6897551178844276e+02 2.4854119294121816e+02 2.9725873277193881e+02
9.1000000000062853e-01 -1.6617787977140648e+02 8.1781077856390991e-08 8.1781077856390991e-08 -5.6838799731779159e+02 -3.6728293854459901e+02 2.4630238934337166e+02 2.9590467480819382e+02
9.1200000000063053e-01 -1.6325735719282267e+02 -2.8645391578763225e-08 -2.8645391578763225e-08 -5.6402402232322243e+02 -3.6364068975802252e+02 2.4541845887158374e+02 2.9299087713749174e+02
9.1400000000063253e-01 -1.6533003859343629e+02 -7.7477244513346473e-08 -7.7477244513346473e-08 -5.7372508186631819e+02 -3.6952756022987722e+02 2.5008986737510412e+02 2.9770037131917229e+02
9.1600000000063453e-01 -1.6389616256068706e+02 1.0154749425339561e-07 1.0154749425339561e-07 -5.6311655895956380e+02 -3.6350636076012540e+02 2.4447156652222074e+02 2.9288341398927878e+02
9.1800000000063653e-01 -1.6317774856642222e+02 -8.3388068183865019e-09 -8.3388068183865019e-09 -5.6894495932039808e+02 -3.6606135394341015e+02 2.4848065517490099e+02 2.9492740758289392e+02
9.2000000000063853e-01 -1.6459506083247351e+02 -1.1097722415698286e-07 -1.1097722415698286e-07 -5.7108061913489382e+02 -3.6783783998368369e+02 2.4892055141281804e+02 2.9634859575248328e+02
9.2200000000064053e-01 -1.6187756122408868e+02 9.2125515411822788e-08 9.2125515411822788e-08 -5.6188101867494413e+02 -3.6187928994951642e+02 2.4495109152591945e+02 2.9158175794768914e+02
9.2400000000064253e-01 -1.6335061645550590e+02 5.9755260064520139e-08 5.9755260064520139e-08 -5.7239625834478909e+02 -3.6787343740014751e+02 2.5048827603449004e+02 2.9637707367237647e+02
9.2600000000064453e-01 -1.6327871915036204e+02 -1.5879061486145928e-07 -1.5879061486145928e-07 -5.6558661793745375e+02 -3.6443266854390788e+02 2.4636226787990853e+02 2.9362445987079184e+02
9.2800000000064653e-01 -1.6151688074209878e+02 9.7523166999735623e-08 9.7523166999735623e-08 -5.6477881452843542e+02 -3.6314784763526711e+02 2.4694649261613517e+02 2.9259660362311757e+02
9.3000000000064853e-01 -1.6379616063825651e+02 9.0889506956237659e-08 9.0889506956237659e-08 -5.7259446610388250e+02 -3.6819531337106952e+02 2.5033681402629881e+02 2.9663457432905432e+02
9.3200000000065053e-01 -1.6221709713558081e+02 -1.8786692392858129e-07 -1.8786692392858129e-07 -5.6143137998857935e+02 -3.6182423856208010e+02 2.4446782275524058e+02 2.9153771685827422e+02
9.3400000000065253e-01 -1.6324039274023858e+02 8.8270882647734081e-08 8.8270882647734081e-08 -5.7007356819526967e+02 -3.6665698046775412e+02 2.4913342257525193e+02 2.9540390858020032e+02
9.3600000000065453e-01 -1.6450184826244092e+02 1.1284680434542338e-07 1.1284680434542338e-07 -5.6817182816549257e+02 -3.6633683821396676e+02 2.4719636881050414e+02 2.9514779489658355e+02
9.3800000000065653e-01 -1.6323341049472026e+02 -1.6627558562909428e-07 -1.6627558562909428e-07 -5.6269289812998045e+02 -3.6296315431235035e+02 2.4461797940499841e+02 2.9244884903367478e+02
9.4000000000065853e-01 -1.6580732306051729e+02 2.3085564930802606e-08 2.3085564930802606e-08 -5.7210204984730899e+02 -3.6895468645391315e+02 2.4880369145278499e+02 2.9724207251208298e+02
9.4200000000066053e-01 -1.6552104801867009e+02 1.6830385096255896e-07 1.6830385096255896e-07 -5.6267600756104446e+02 -3.6409852778985726e+02 2.4320674992362854e+02 2.9335714739218588e+02
9.4400000000066253e-01 -1.6595904996999161e+02 -2.0294591587255440e-07 -2.0294591587255440e-07 -5.6715814124520705e+02 -3.6655859560759933e+02 2.4568326472314308e+02 2.9532520072877406e+02
9.4600000000066453e-01 -1.6787622303089429e+02 1.5439179077425536e-08 1.5439179077425536e-08 -5.6986414846211471e+02 -3.6887018574650449e+02 2.4616632501661587e+02 2.9717447197767484e+02
9.4800000000066653e-01 -1.6670650774545871e+02 1.7537983416637816e-07 1.7537983416637816e-07 -5.6126562210154486e+02 -3.6398606492350177e+02 2.4161712588421202e+02 2.9326717714105018e+02
9.5000000000066853e-01 -1.6889132725036384e+02 -1.9573668215588925e-07 -1.9573668215588925e-07 -5.7117100555973786e+02 -3.7003116640505084e+02 2.4634498643723205e+02 2.9810325607146603e+02
9.5200000000067053e-01 -1.6950874895581376e+02 1.7618126255669609e-08 1.7618126255669609e-08 -5.6372362372005387e+02 -3.6661618633793381e+02 2.4140632304689032e+02 2.9537127329156033e+02
9.5400000000067253e-01 -1.6957085903694849e+02 1.5310086687758683e-07 1.5310086687758683e-07 -5.6479895486101861e+02 -3.6718490694898355e+02 2.4202679169519669e+02 2.9582624956826726e+02
9.5600000000067453e-01 -1.6951582108759482e+02 -1.3458505645935759e-07 -1.3458505645935759e-07 -5.6553941182988308e+02 -3.6752761645873898e+02 2.4251393085584957e+02 2.9610041704824090e+02
9.5800000000067653e-01 -1.7793573011732482e+02 -3.8001876392357306e-08 -3.8001876392357306e-08 -5.6875513426014481e+02 -3.7334543218873483e+02 2.3932703043211777e+02 3.0075466746219183e+02
9.6000000000067853e-01 -1.7923309947133137e+02 1.7222206907252514e-07 1.7222206907252514e-07 -5.6813634890015112e+02 -3.7368472418574123e+02 2.3815363010273549e+02 3.0102610093324103e+02
9.6200000000068053e-01 -1.8291998259795193e+02 -9.1662847698792407e-08 -9.1662847698792407e-08 -5.7678316900151765e+02 -3.7985157579973480e+02 2.4119095878885827e+02 3.0595957992419966e+02
9.6400000000068253e-01 -1.7768827600887496e+02 -9.7243226395149491e-08 -9.7243226395149491e-08 -5.6449616962515586e+02 -3.7109222281701540e+02 2.3687049196016170e+02 2.9895210080526357e+02
9.6600000000068453e-01 -1.8404897113400483e+02 1.0262332453159218e-07 1.0262332453159218e-07 -5.7991424109744264e+02 -3.8198160611572371e+02 2.4241697957488367e+02 3.0766360338248927e+02
9.6800000000068653e-01 -1.8097297546034014e+02 -4.4502325471373893e-08 -4.4502325471373893e-08 -5.6702693445785997e+02 -3.7399995495910002e+02 2.3640880318131562e+02 3.0127828543434691e+02
9.7000000000068853e-01 -1.7969379354194069e+02 -1.6422712454389198e-08 -1.6422712454389198e-08 -5.7090995325826020e+02 -3.7530187340010048e+02 2.3956999260903754e+02 3.0231981970153157e+02
9.7200000000069053e-01 -1.7695666994983401e+02 6.4179648433526633e-08 6.4179648433526633e-08 -5.6873924551023276e+02 -3.7284795773003339e+02 2.3991685005909306e+02 3.0035668808078867e+02
9.7400000000069253e-01 -1.7910847454174086e+02 -1.1067985412394066e-07 -1.1067985412394066e-07 -5.7415151153507156e+02 -3.7662999303840621e+02 2.4191346676826979e+02 3.0338231491678744e+02
9.7600000000069453e-01 -1.7760111201134222e+02 1.0098294266569497e-07 1.0098294266569497e-07 -5.6465169107672318e+02 -3.7112640154403272e+02 2.3701910583973500e+02 2.9897944377412875e+02
9.7800000000069653e-01 -1.7963654815213525e+02 -3.4340386796394286e-08 -3.4340386796394286e-08 -5.7365518579977368e+02 -3.7664586697595445e+02 2.4128615284582304e+02 3.0339501406090505e+02
9.8000000000069853e-01 -1.7635379888910498e+02 -5.2873341518377969e-08 -5.2873341518377969e-08 -5.6744089409540891e+02 -3.7189734649225693e+02 2.3949095706067746e+02 2.9959619944514560e+02
9.8200000000070053e-01 -1.7779820862632121e+02 1.0194789138884275e-07 1.0194789138884275e-07 -5.6948787644424146e+02 -3.7364304253528132e+02 2.3985995591853649e+02 3.0099275562842035e+02
9.8400000000070253e-01 -1.7981710950304861e+02 -4.0173992945646830e-08 -4.0173992945646830e-08 -5.7062387310964891e+02 -3.7522049130634878e+02 2.3931928971616441e+02 3.0225471405688580e+02
9.8600000000070454e-01 -1.7797897949583279e+02 -8.5123664796959986e-08 -8.5123664796959986e-08 -5.6515506270351671e+02 -3.7156702109967478e+02 2.3709596111704701e+02 2.9933193925429129e+02
9.8800000000070654e-01 -1.7945811331485893e+02 1.2577549604042560e-07 1.2577549604042560e-07 -5.7421980766769002e+02 -3.7683896049127446e+02 2.4174118029024197e+02 3.0354948880113716e+02
9.9000000000070854e-01 -1.7842982242007210e+02 -2.3675367222253385e-08 -2.3675367222253385e-08 -5.6672168053395308e+02 -3.7257575147701260e+02 2.3777923091404313e+02 3.0013892317990496e+02
9.9200000000071054e-01 -1.7978589524615293e+02 -1.0774696255211325e-07 -1.0774696255211325e-07 -5.6847429709526705e+02 -3.7413009617070998e+02 2.3802206336704779e+02 3.0138239835509216e+02
9.9400000000071254e-01 -1.7923783073250576e+02 6.6425397697855713e-08 6.6425397697855713e-08 -5.7064095151857816e+02 -3.7493939112554199e+02 2.3968448241470242e+02 3.0202983401709076e+02
9.9600000000071454e-01 -1.7774048589055292e+02 5.6994084156603012e-08 5.6994084156603012e-08 -5.6761058582957219e+02 -3.7267553586006255e+02 2.3874570270462007e+02 3.0021875064912535e+02
9.9800000000071654e-01 -1.7931165898501800e+02 -1.0216538994356483e-07 -1.0216538994356483e-07 -5.6958324092011401e+02 -3.7444744995256599e+02 2.3899155921244559e+02 3.0163628126220402e+02
1.0000000000007185e+00 -1.7944977956909921e+02 2.3455987068210505e-08 2.3455987068210505e-08 -5.7005023146789335e+02 -3.7475000551849627e+02 2.3919295011314262e+02 3.0187832560209500e+02
1.0020000000007094e+00 -1.7782314013137344e+02 1.1083954302826271e-07 1.1083954302826271e-07 -5.6497751322254487e+02 -3.7140032667695914e+02 2.3708266644011903e+02 2.9919858377829581e+02
1.0040000000007003e+00 -1.7875600526600235e+02 -1.7782910733288304e-07 -1.7782910733288304e-07 -5.7185974270768213e+02 -3.7530787398684225e+02 2.4072589317828152e+02 3.0232462016868675e+02
1.0060000000006912e+00 -1.7867758904913171e+02 1.1375934840796021e-07 1.1375934840796021e-07 -5.6774617883897429e+02 -3.7321188394405300e+02 2.3825487998233385e+02 3.0064782891625987e+02
1.0080000000006821e+00 -1.7898711247619480e+02 1.1807831254984080e-08 1.1807831254984080e-08 -5.6708737257809958e+02 -3.7303724252714721e+02 2.3766190157277481e+02 3.0050811584787652e+02
1.0100000000006730e+00 -1.7896100692131049e+02 -9.0838460522491013e-08 -9.0838460522491013e-08 -5.7081960324852491e+02 -3.7489030508491771e+02 2.3996340308123141e+02 3.0199056520290037e+02
1.0120000000006639e+00 -1.7706846451352780e+02 -1.3074596699524932e-07 -1.3074596699524932e-07 -5.6713161623133965e+02 -3.7210004037243374e+02 2.3886392229261466e+02 2.9975835447368223e+02
1.0140000000006548e+00 -1.7876426738330545e+02 3.4733484259641402e-07 3.4733484259641402e-07 -5.6877559194110336e+02 -3.7376992966220439e+02 2.3883218476840176e+02 3.0109426528262992e+02
1.0160000000006457e+00 -1.7908281341041098e+02 -1.4420069419429637e-07 -1.4420069419429637e-07 -5.7012863894266820e+02 -3.7460572617653958e+02 2.3946568464986109e+02 3.0176290218234590e+02
1.0180000000006366e+00 -1.7756290582687816e+02 -2.8571358460460774e-07 -2.8571358460460774e-07 -5.6476759436506052e+02 -3.7116525009596933e+02 2.3711347823295822e+02 2.9901052260118752e+02
1.0200000000006275e+00 -1.7822670593144463e+02 4.8514204116223429e-07 4.8514204116223429e-07 -5.7070558567808268e+02 -3.7446614580476364e+02 2.4034324754960559e+02 3.0165123793698859e+02
1.0220000000006184e+00 -1.7811704577414864e+02 -1.9859163827629089e-07 -1.9859163827629089e-07 -5.6838778325097587e+02 -3.7325241451256227e+02 2.3899104208947867e+02 3.0068025335594933e+02
1.0240000000006093e+00 -1.7849143637194956e+02 -2.7913230834286649e-07 -2.7913230834286649e-07 -5.6614319902326770e+02 -3.7231731769760864e+02 2.3738725409655572e+02 2.9993217625277765e+02
1.0260000000006002e+00 -1.7883136757809950e+02 1.6327529344550840e-07 1.6327529344550840e-07 -5.6986526094604062e+02 -3.7434831426207006e+02 2.3945837772133572e+02 3.0155697274678488e+02
1.0280000000005911e+00 -1.7727976205922312e+02 4.8127976627121426e-07 4.8127976627121426e-07 -5.6851976322284042e+02 -3.7289976264103177e+02 2.3958459245418982e+02 3.0039813199026418e+02
1.0300000000005820e+00 -1.7787305698815072e+02 -9.9717256886844295e-07 -9.9717256886844295e-07 -5.6695914442900107e+02 -3.7241610070857587e+02 2.3826559506150042e+02 3.0001120262470533e+02
1.0320000000005729e+00 -1.7913223838303711e+02 2.6232345717414063e-07 2.6232345717414063e-07 -5.7001400045307037e+02 -3.7457311941805375e+02 2.3936521670789028e+02 3.0173681678771953e+02
1.0340000000005638e+00 -1.7799407570428929e+02 9.7030807938214276e-07 9.7030807938214276e-07 -5.6601546520331499e+02 -3.7200477045380217e+02 2.3761360338958494e+02 2.9968213857431266e+02
1.0360000000005547e+00 -1.7779903844292588e+02 -9.6994488991253286e-07 -9.6994488991253286e-07 -5.6856915115785569e+02 -3.7318409480039077e+02 2.3929684572036174e+02 3.0062559761169541e+02
1.0380000000005456e+00 -1.7859529936305518e+02 1.5665326041691685e-07 1.5665326041691685e-07 -5.7020155151154393e+02 -3.7439842543729958e+02 2.3980887446187151e+02 3.0159706166827704e+02
1.0400000000005365e+00 -1.7803554979416114e+02 5.2586458146208767e-07 5.2586458146208767e-07 -5.6545942459423486e+02 -3.7174748719419802e+02 2.3724770185802367e+02 2.9947631206259598e+02
1.0420000000005274e+00 -1.7861073721386015e+02 4.0798079590231849e-08 4.0798079590231849e-08 -5.6805979084134401e+02 -3.7333526402760208e+02 2.3848786554928438e+02 3.0074653293707831e+02
1.0440000000005183e+00 -1.7771692043798151e+02 -1.7703125731793891e-06 -1.7703125731793891e-06 -5.6965067664025162e+02 -3.7368379853911654e+02 2.4000942891698588e+02 3.0102536041628650e+02
1.0460000000005092e+00 -1.7730220927841569e+02 2.6011439816064910e-06 2.6011439816064910e-06 -5.6664651672134232e+02 -3.7197436299987902e+02 2.3842372187311727e+02 2.9965781262251613e+02
1.0480000000005001e+00 -1.7889083083362451e+02 -8.2319396427443797e-07 -8.2319396427443797e-07 -5.6855677347316384e+02 -3.7372380215339416e+02 2.3862068240187247e+02 3.0105736329278727e+02
1.0500000000004910e+00 -1.7820983515846169e+02 -1.9034939212136947e-06 -1.9034939212136947e-06 -5.6740920476607619e+02 -3.7280951996226895e+02 2.3833496593788269e+02 3.0032593788091441e+02
1.0520000000004819e+00 -1.7757687418963530e+02 1.4181786237843496e-06 1.4181786237843496e-06 -5.6752509341719383e+02 -3.7255098380341457e+02 2.3879354080361767e+02 3.0011910905026491e+02
1.0540000000004728e+00 -1.7799329766516178e+02 1.4648730382882391e-06 1.4648730382882391e-06 -5.6863091197564586e+02 -3.7331210482040382e+02 2.3921570734970550e+02 3.0072800557995811e+02
1.0560000000004637e+00 -1.7841929490344646e+02 -2.4092061267921852e-06 -2.4092061267921852e-06 -5.6839234030456100e+02 -3.7340581760400374e+02 2.3880874366798719e+02 3.0080297577188315e+02
1.0580000000004546e+00 -1.7799548076051502e+02 -5.7429875149228599e-07 -5.7429875149228599e-07 -5.6537761027368458e+02 -3.7168654551709983e+02 2.3722213819500337e+02 2.9942755874364872e+02
1.0600000000004455e+00 -1.7833740702509115e+02 4.9451824935209393e-06 4.9451824935209393e-06 -5.6940147934086940e+02 -3.7386944318298026e+02 2.3947685847712964e+02 3.0117387606213202e+02
1.0620000000004364e+00 -1.7726441664888736e+02 -4.7489597782024444e-06 -4.7489597782024444e-06 -5.6808968988133142e+02 -3.7267705326510941e+02 2.3933062450082630e+02 3.0021996457259689e+02
1.0640000000004273e+00 -1.7806232224115050e+02 3.1852425038891853e-06 3.1852425038891853e-06 -5.6671557617850647e+02 -3.7238894920982847e+02 2.3800053975471491e+02 2.9998948143583499e+02
1.0660000000004182e+00 -1.7838132576150244e+02 1.7411507123465952e-06 1.7411507123465952e-06 -5.6741589882370636e+02 -3.7289861229260441e+02 2.3823404907597535e+02 3.0039721171195134e+02
1.0680000000004091e+00 -1.7808835434506079e+02 -1.3385517765973632e-06 -1.3385517765973632e-06 -5.6839947684714662e+02 -3.7324391559610370e+02 2.3901577276576191e+02 3.0067345422595258e+02
1.0700000000004000e+00 -1.7676811981858660e+02 -9.0886326191830230e-06 -9.0886326191830230e-06 -5.6644473355895161e+02 -3.7160642668876909e+02 2.3862721708987718e+02 2.9936346371086842e+02
1.0720000000003909e+00 -1.7882843619895442e+02 1.3044042103875774e-05 1.3044042103875774e-05 -5.6942417780269659e+02 -3.7412630700082548e+02 2.3919006565828985e+02 3.0137936702059795e+02
1.0740000000003818e+00 -1.7804055870018263e+02 -3.4925561451526479e-06 -3.4925561451526479e-06 -5.6667832706527940e+02 -3.7235944288273100e+02 2.3799105681711239e+02 2.9996587638516286e+02
1.0760000000003727e+00 -1.7782756338264616e+02 -1.1578071240112564e-05 -1.1578071240112564e-05 -5.6549789615965426e+02 -3.7166272977115023e+02 2.3739862592965650e+02 2.9940850615577227e+02
1.0780000000003636e+00 -1.7786344274982167e+02 1.3236726034338009e-05 1.3236726034338009e-05 -5.6964658559108705e+02 -3.7375501417045439e+02 2.3991719744626016e+02 3.0108233289479335e+02
1.0800000000003545e+00 -1.7735887823892503e+02 -9.6721261149568255e-07 -9.6721261149568255e-07 -5.6664190199506766e+02 -3.7200039011699636e+02 2.3838619343257290e+02 2.9967863430650186e+02
1.0820000000003454e+00 -1.7796398316608673e+02 -1.1229882568852823e-05 -1.1229882568852823e-05 -5.6621337639688795e+02 -3.7208867978148737e+02 2.3775322659016086e+02 2.9974926600516261e+02
1.0840000000003363e+00 -1.7824599090878809e+02 1.5535808939048934e-06 1.5535808939048934e-06 -5.6767153840808362e+02 -3.7295876465843583e+02 2.3847347104431196e+02 3.0044533358217961e+02
1.0860000000003271e+00 -1.7697462897597012e+02 2.0248168737435625e-05 2.0248168737435625e-05 -5.6794416811232088e+02 -3.7245939854414553e+02 2.3941896896379197e+02 3.0004584087701102e+02
1.0880000000003180e+00 -1.7656685354743288e+02 -2.7710373285356748e-05 -2.7710373285356748e-05 -5.6552980297404849e+02 -3.7104832826074067e+02 2.3819018873580160e+02 2.9891698517661644e+02
1.0900000000003089e+00 -1.7909739851011750e+02 1.2598819026568009e-05 1.2598819026568009e-05 -5.6969700585062424e+02 -3.7439720218037087e+02 2.3919243292892807e+02 3.0159608306319035e+02
1.0920000000002998e+00 -1.7784043882793557e+02 1.8545133859251272e-05 1.8545133859251272e-05 -5.6403496267449827e+02 -3.7093770075121694e+02 2.3649488122029939e+02 2.9882848321026154e+02
1.0940000000002907e+00 -1.7996089123609224e+02 -1.4158320081603116e-05 -1.4158320081603116e-05 -5.7085421744941789e+02 -3.7540755434275508e+02 2.3937229827048623e+02 3.0240436441623626e+02
1.0960000000002816e+00 -1.7993561033531162e+02 -1.1320480528409505e-05 -1.1320480528409505e-05 -5.7010948162046827e+02 -3.7502254597788993e+02 2.3893172390374963e+02 3.0209635786795235e+02
1.0980000000002725e+00 -1.8094223383210098e+02 1.1313063979374594e-05 1.1313063979374594e-05 -5.6690856761128896e+02 -3.7392540072169498e+02 2.3635514391293813e+02 3.0121864207223166e+02
1.1000000000002634e+00 -1.8044500976788933e+02 -1.1352750558835113e-06 -1.1352750558835113e-06 -5.6645183916279461e+02 -3.7344842446534199e+02 2.3637994231176916e+02 3.0083706124506142e+02
1.1020000000002543e+00 -1.7803466466113122e+02 2.0622504720857473e-06 2.0622504720857473e-06 -5.6721081698387673e+02 -3.7262274082250394e+02 2.3832074831259723e+02 3.0017651463877104e+02
1.1040000000002452e+00 -1.7822595212546582e+02 6.6148878122618274e-06 6.6148878122618274e-06 -5.6501187103550399e+02 -3.7161891158048491e+02 2.3685703525577642e+02 2.9937345161958422e+02
1.1060000000002361e+00 -1.7928973828593112e+02 1.8284409491853282e-06 1.8284409491853282e-06 -5.6736271337422249e+02 -3.7332622583007679e+02 2.3764519298253043e+02 3.0073930238242934e+02
1.1080000000002270e+00 -1.7911605661656594e+02 -5.2691077226785233e-06 -5.2691077226785233e-06 -5.6503812456293042e+02 -3.7207709058974820e+02 2.3632803673707329e+02 2.9973999465609404e+02
1.1100000000002179e+00 -1.8068383652727695e+02 5.7721597565985055e-06 5.7721597565985055e-06 -5.6720593874782901e+02 -3.7394488763755299e+02 2.3669548118705853e+02 3.0123423159764940e+02
1.1120000000002088e+00 -1.8191830849769991e+02 1.6824553755045991e-06 1.6824553755045991e-06 -5.6467876890193475e+02 -3.7329853869981730e+02 2.3439195542578503e+02 3.0071715268854911e+02
1.1140000000001997e+00 -1.8497992787148056e+02 3.9420784237376159e-06 3.9420784237376159e-06 -5.6625551318593045e+02 -3.7561772052870549e+02 2.3348265885034948e+02 3.0257249728660463e+02
1.1160000000001906e+00 -1.8689469898531232e+02 -4.4748062931088130e-06 -4.4748062931088130e-06 -5.6479535250232607e+02 -3.7584502574381918e+02 2.3141594364524639e+02 3.0275434137391068e+02
1.1180000000001815e+00 -1.8428890533875077e+02 9.2113315120490036e-06 9.2113315120490036e-06 -5.6452817872043101e+02 -3.7440854202959088e+02 2.3284804998793919e+02 3.0160515493833657e+02
1.1200000000001724e+00 -1.8200840030333194e+02 -1.9365248952007974e-06 -1.9365248952007974e-06 -5.6651766462738078e+02 -3.7426303246535633e+02 2.3546287474171589e+02 3.0148874734122404e+02
1.1220000000001633e+00 -1.8319267266380419e+02 -2.0996731035882732e-06 -2.0996731035882732e-06 -5.6590407745885375e+02 -3.7454837506132895e+02 2.3436191512290372e+02 3.0171702131156928e+02
1.1240000000001542e+00 -1.8397331740670802e+02 3.8834014680111383e-06 3.8834014680111383e-06 -5.6583435092702359e+02 -3.7490383416686581e+02 2.3384117119414918e+02 3.0200138846341252e+02
1.1260000000001451e+00 -1.8334770511004882e+02 8.4566875044800325e-06 8.4566875044800325e-06 -5.6540707355197537e+02 -3.7437738933101207e+02 2.3396262603317999e+02 3.0158023279109352e+02
1.1280000000001360e+00 -1.8292397021210400e+02 -4.6837792937926002e-06 -4.6837792937926002e-06 -5.6552952031000427e+02 -3.7422674526105413e+02 2.3429709262418069e+02 3.0145971759131737e+02
1.1300000000001269e+00 -1.8329114999237711e+02 8.8833567367885281e-07 8.8833567367885281e-07 -5.6568434889424884e+02 -3.7448774944331296e+02 2.3416705460504562e+02 3.0166852083976988e+02
1.1320000000001178e+00 -1.8346119655418309e+02 2.9503849753542698e-06 2.9503849753542698e-06 -5.6520251759814437e+02 -3.7433185707616371e+02 2.3376786257342090e+02 3.0154380700419836e+02
1.1340000000001087e+00 -1.8374696852401408e+02 6.7744778677392145e-06 6.7744778677392145e-06 -5.6584329048926656e+02 -3.7479512950664031e+02 2.3398525535226648e+02 3.0191442477577897e+02
1.1360000000000996e+00 -1.8371566529945559e+02 4.9551678505521669e-06 4.9551678505521669e-06 -5.6505864885669928e+02 -3.7438715707807745e+02 2.3352393167645076e+02 3.0158804698510244e+02
1.1380000000000905e+00 -1.8416244849363983e+02 -1.1603656736782764e-05 -1.1603656736782764e-05 -5.6563161021927431e+02 -3.7489702935645710e+02 2.3360119970876062e+02 3.0199594461762371e+02
1.1400000000000814e+00 -1.8423865548581242e+02 -1.6405088136957069e-05 -1.6405088136957069e-05 -5.6527555221498244e+02 -3.7475710385039741e+02 2.3333649254001051e+02 3.0188400426496821e+02
1.1420000000000723e+00 -1.8445859301338672e+02 1.5188487866191204e-07 1.5188487866191204e-07 -5.6539993136098497e+02 -3.7492926218718583e+02 2.3327797522113454e+02 3.0202173087018389e+02
1.1440000000000632e+00 -1.8464143423843268e+02 1.0831852648425233e-05 1.0831852648425233e-05 -5.6518076351427237e+02 -3.7491109887635253e+02 2.3303179594669066e+02 3.0200720022829216e+02
1.1460000000000541e+00 -1.8485761185498271e+02 1.4038021654848022e-05 1.4038021654848022e-05 -5.6547725132839537e+02 -3.7516743159168902e+02 2.3308097569799017e+02 3.0221226630494925e+02
1.1480000000000450e+00 -1.8490117111418166e+02 5.4939380115193171e-07 5.4939380115193171e-07 -5.6504029774535991e+02 -3.7497073442977080e+02 2.3278672287840666e+02 3.0205490864878271e+02
1.1500000000000359e+00 -1.8270115183301857e+02 -1.0373319687193573e-05 -1.0373319687193573e-05 -5.6349162920473179e+02 -3.7309639051887518e+02 2.3318559211788104e+02 3.0055543421919668e+02
1.1520000000000268e+00 -1.7654567041815602e+02 -1.5079001881623811e-06 -1.5079001881623811e-06 -5.6490337830583576e+02 -3.7072452436199592e+02 2.3781955550041434e+02 2.9865794217839954e+02
1.1540000000000177e+00 -1.7206458189541300e+02 5.5280924008449527e-06 5.5280924008449527e-06 -5.6567647118193406e+02 -3.6887052653867352e+02 2.4103707136121051e+02 2.9717474461128296e+02
1.1560000000000086e+00 -1.7468708777442566e+02 1.0373065639801560e-06 1.0373065639801560e-06 -5.7311606892253565e+02 -3.7390157834848065e+02 2.4398692563746189e+02 3.0119958418254589e+02
1.1579999999999995e+00 -1.7408911559683062e+02 2.4145702171907145e-06 2.4145702171907145e-06 -5.6561949722657357e+02 -3.6985430641170211e+02 2.3976241344750969e+02 2.9796176814275589e+02
1.1599999999999904e+00 -1.7299951377987801e+02 -3.5177314635648219e-07 -3.5177314635648219e-07 -5.7248591550972958e+02 -3.7274271464480381e+02 2.4463446085465785e+02 3.0027249365186066e+02
1.1619999999999813e+00 -1.6912502165321649e+02 1.8050068711400469e-06 1.8050068711400469e-06 -5.6369644065680484e+02 -3.6641073115501069e+02 2.4162466091117332e+02 2.9520690922185662e+02
1.1639999999999722e+00 -1.7095412870704294e+02 -6.1538479845468790e-07 -6.1538479845468790e-07 -5.6915949127090903e+02 -3.7005680998897600e+02 2.4384998778036163e+02 2.9812377092904109e+02
1.1659999999999631e+00 -1.6992713722624910e+02 2.2640676402896354e-07 2.2640676402896354e-07 -5.6533895952780642e+02 -3.6763304837702776e+02 2.4213930072571733e+02 2.9618476254354579e+02
1.1679999999999540e+00 -1.7141517659602448e+02 1.6598656227295728e-06 1.6598656227295728e-06 -5.6857226139528200e+02 -3.6999371899565324e+02 2.4320805137236258e+02 2.9807329815791581e+02
1.1699999999999449e+00 -1.7129821634824341e+02 -2.1140183227408296e-06 -2.1140183227408296e-06 -5.6602126115548947e+02 -3.6865973875186643e+02 2.4171751237387355e+02 2.9700611446046116e+02
1.1719999999999358e+00 -1.7272441170268326e+02 2.0968929443310192e-06 2.0968929443310192e-06 -5.6772255900589710e+02 -3.7022348535429018e+02 2.4188597755939531e+02 2.9825711115912253e+02
1.1739999999999267e+00 -1.7284362306948054e+02 -2.7401340688903988e-07 -2.7401340688903988e-07 -5.6566520092529015e+02 -3.6925441199738532e+02 2.4055310642542730e+02 2.9748185283506308e+02
1.1759999999999176e+00 -1.7495571069868478e+02 -2.2732425106419818e-07 -2.2732425106419818e-07 -5.6843316125436718e+02 -3.7169443597652599e+02 2.4095474478815478e+02 2.9943387110824648e+02
1.1779999999999085e+00 -1.7437973105180157e+02 1.4087078738445059e-06 1.4087078738445059e-06 -5.6428895631262435e+02 -3.6933434368221299e+02 2.3876966197323028e+02 2.9754579815311070e+02
1.1799999999998994e+00 -1.7768856847239945e+02 3.4807536910652637e-07 3.4807536910652637e-07 -5.6958485864586271e+02 -3.7363671355913107e+02 2.3998648575366957e+02 3.0098769244986084e+02
1.1819999999998902e+00 -1.7682163965546505e+02 1.1721076624837679e-08 1.1721076624837679e-08 -5.6359429229551108e+02 -3.7020796597548804e+02 2.3684891135770846e+02 2.9824469566186957e+02
1.1839999999998811e+00 -1.8100686680644719e+02 5.6893323079676431e-07 5.6893323079676431e-07 -5.7039312838316607e+02 -3.7569999759480663e+02 2.3844941342821511e+02 3.0263831890879618e+02
1.1859999999998720e+00 -1.7967088689679142e+02 7.5369138728409450e-07 7.5369138728409450e-07 -5.6202442986743870e+02 -3.7084765838211507e+02 2.3414277040585191e+02 2.9875644934856587e+02
1.1879999999998629e+00 -1.8343826353165971e+02 -1.3994485681512181e-07 -1.3994485681512181e-07 -5.6950044298978275e+02 -3.7646935326072122e+02 2.3641383716479774e+02 3.0325380315455811e+02
1.1899999999998538e+00 -1.8274563788433804e+02 3.0279006219080531e-06 3.0279006219080531e-06 -5.6289185718482929e+02 -3.7281874753458368e+02 2.3279106623358953e+02 3.0033331993532431e+02
1.1919999999998447e+00 -1.8410163815117281e+02 -3.1122128264171601e-06 -3.1122128264171601e-06 -5.6894825105208167e+02 -3.7652494460162723e+02 2.3566945771140621e+02 3.0329827620654731e+02
1.1939999999998356e+00 -1.8421823493232415e+02 3.4193262412773874e-07 3.4193262412773874e-07 -5.6406771941948796e+02 -3.7414297717590603e+02 2.3260935401319642e+02 3.0139270315444440e+02
1.1959999999998265e+00 -1.8467049439747547e+02 9.2190958751237061e-07 9.2190958751237061e-07 -5.6777686236524517e+02 -3.7622367838136029e+02 2.3460377968299244e+02 3.0305726334270611e+02
1.1979999999998174e+00 -1.8520165809404648e+02 -6.3816217695361614e-06 -6.3816217695361614e-06 -5.6517173287090577e+02 -3.7518669548247613e+02 2.3268320018261878e+02 3.0222767741039348e+02
1.1999999999998083e+00 -1.8516786410364799e+02 2.4972613635065866e-06 2.4972613635065866e-06 -5.6602767762920621e+02 -3.7559777086642708e+02 2.3322805166729228e+02 3.0255653756422311e+02
1.2019999999997992e+00 -1.8471932793660622e+02 -1.4224518820149523e-06 -1.4224518820149523e-06 -5.6582954244695077e+02 -3.7527443519177848e+02 2.3338139032824648e+02 3.0229786914510845e+02
1.2039999999997901e+00 -1.8455685090920460e+02 -1.8207882194920533e-07 -1.8207882194920533e-07 -5.6575114845682367e+02 -3.7515399968301415e+02 2.3343288046258292e+02 3.0220152078301942e+02
1.2059999999997810e+00 -1.8430678415028629e+02 5.2521409255823489e-07 5.2521409255823489e-07 -5.6653969540920832e+02 -3.7542323977974729e+02 2.3406889887072060e+02 3.0241691275997937e+02
1.2079999999997719e+00 -1.8412523211776764e+02 1.7665494872642907e-07 1.7665494872642907e-07 -5.6530656223741596e+02 -3.7471589717759178e+02 2.3342493956713182e+02 3.0185103894209379e+02
1.2099999999997628e+00 -1.8431822487306729e+02 5.0117375660407865e-07 5.0117375660407865e-07 -5.6654566553028098e+02 -3.7543194520167413e+02 2.3406554882502772e+02 3.0242387709427373e+02
1.2119999999997537e+00 -1.8376412765654726e+02 2.6365447374387951e-07 2.6365447374387951e-07 -5.6517196843826400e+02 -3.7446804804740566e+02 2.3356364845297367e+02 3.0165275973039263e+02
1.2139999999997446e+00 -1.8410702793858135e+02 9.4334460080947036e-07 9.4334460080947036e-07 -5.6639337684929774e+02 -3.7525020239393956e+02 2.3410162261570773e+02 3.0227848291587617e+02
1.2159999999997355e+00 -1.8357119409767100e+02 -2.6957643870173520e-07 -2.6957643870173520e-07 -5.6510669783587628e+02 -3.7433894596677362e+02 2.3364182572858670e+02 3.0154947811404213e+02
1.2179999999997264e+00 -1.8399635773041140e+02 9.0462379122080444e-07 9.0462379122080444e-07 -5.6620447154401313e+02 -3.7510041463721228e+02 2.3405371359873072e+02 3.0215865276636521e+02
1.2199999999997173e+00 -1.8324646056715599e+02 -1.6511686428244411e-07 -1.6511686428244411e-07 -5.6543948746509830e+02 -3.7434297401612713e+02 2.3404447478744126e+02 3.0155270055202249e+02
1.2219999999997082e+00 -1.8365644812674321e+02 -7.3475523912347465e-08 -7.3475523912347465e-08 -5.6595386141398637e+02 -3.7480515477036477e+02 2.3410839813491089e+02 3.0192244498301909e+02
1.2239999999996991e+00 -1.8318329238518339e+02 4.9883551363649747e-07 4.9883551363649747e-07 -5.6547523809745803e+02 -3.7432926524132074e+02 2.3410504994271008e+02 3.0154173353729072e+02
1.2259999999996900e+00 -1.8339904426436627e+02 6.9574758227997084e-08 6.9574758227997084e-08 -5.6591250857681928e+02 -3.7465577642059276e+02 2.3424070182745325e+02 3.0180294235891967e+02
1.2279999999996809e+00 -1.8307850754952310e+02 1.9371610045615385e-07 1.9371610045615385e-07 -5.6541974816209574e+02 -3.7424912785580943e+02 2.3413523678087293e+02 3.0147762365877293e+02
1.2299999999996718e+00 -1.8321832448079172e+02 1.8375184682672963e-07 1.8375184682672963e-07 -5.6585094462635846e+02 -3.7453463455357507e+02 2.3431366957520447e+02 3.0170602891049140e+02
1.2319999999996627e+00 -1.8300891603522396e+02 2.9133643777823350e-07 2.9133643777823350e-07 -5.6545470223729114e+02 -3.7423180913625754e+02 2.3419925761815298e+02 3.0146376868959129e+02
1.2339999999996536e+00 -1.8306232998763375e+02 2.5231878413245479e-07 2.5231878413245479e-07 -5.6572648419808820e+02 -3.7439440709286100e+02 2.3433298016732712e+02 3.0159384699422503e+02
1.2359999999996445e+00 -1.8296255969212737e+02 3.3102688437480768e-07 3.3102688437480768e-07 -5.6544934629729687e+02 -3.7420595299471211e+02 2.3422436513486525e+02 3.0144308378599931e+02
1.2379999999996354e+00 -1.8298424894912387e+02 1.1500733212155279e-07 1.1500733212155279e-07 -5.6569381083204519e+02 -3.7433902989058453e+02 2.3436078657431494e+02 3.0154954525305953e+02
1.2399999999996263e+00 -1.8287055428144259e+02 4.1178477590553266e-08 4.1178477590553266e-08 -5.6544915978785718e+02 -3.7415985703464992e+02 2.3428059249906360e+02 3.0140620703514332e+02
1.2419999999996172e+00 -1.8287714852567996e+02 -1.1945535591140200e-07 -1.1945535591140200e-07 -5.6551497582464731e+02 -3.7419606217516366e+02 2.3431685829241542e+02 3.0143517113404982e+02
1.2439999999996081e+00 -1.8281755147038209e+02 8.6595554001589471e-07 8.6595554001589471e-07 -5.6552481816053250e+02 -3.7417118481545731e+02 2.3435938106152739e+02 3.0141526925556400e+02
1.2459999999995990e+00 -1.8271801219821160e+02 -6.5216494331832300e-07 -6.5216494331832300e-07 -5.6543328950914656e+02 -3.7407565085367906e+02 2.3436428654488870e+02 3.0133884212177560e+02
1.2479999999995899e+00 -1.8272467062748973e+02 1.6389558942508930e-07 1.6389558942508930e-07 -5.6554421222591611e+02 -3.7413444142670289e+02 2.3442813512057589e+02 3.0138587455826575e+02
1.2499999999995808e+00 -1.8259010563734927e+02 7.1190646818708462e-08 7.1190646818708462e-08 -5.6539287086381512e+02 -3.7399148825058217e+02 2.3441786173281628e+02 3.0127151207069073e+02
1.2519999999995717e+00 -1.8262186341978878e+02 -3.7253735151343558e-07 -3.7253735151343558e-07 -5.6553824979761862e+02 -3.7408005660870367e+02 2.3448744019402361e+02 3.0134236672415193e+02
1.2539999999995626e+00 -1.8251090055432709e+02 4.0548552572405862e-07 4.0548552572405862e-07 -5.6536490085828791e+02 -3.7393790070630752e+02 2.3444923668201494e+02 3.0122864205525912e+02
1.2559999999995535e+00 -1.8252233252236024e+02 6.6583346708115614e-07 6.6583346708115614e-07 -5.6546684238328771e+02 -3.7399458745282396e+02 2.3450466223986840e+02 3.0127399143132817e+02
1.2579999999995444e+00 -1.8244370736458936e+02 3.9824636849372652e-07 3.9824636849372652e-07 -5.6536829285509941e+02 -3.7390600010984440e+02 2.3449246110462613e+02 3.0120312158998757e+02
1.2599999999995353e+00 -1.8242673812784088e+02 2.3236870493437146e-07 2.3236870493437146e-07 -5.6539151118502753e+02 -3.7390912465643419e+02 2.3451707086271659e+02 3.0120562122609397e+02
1.2619999999995262e+00 -1.8238564517725101e+02 -2.9068224136452601e-07 -2.9068224136452601e-07 -5.6535816750952881e+02 -3.7387190634338992e+02 2.3452181630517902e+02 3.0117584658954098e+02
1.2639999999995171e+00 -1.8234294064667552e+02 1.8039057061547404e-07 1.8039057061547404e-07 -5.6535291831795212e+02 -3.7384792948231382e+02 2.3454475292235153e+02 3.0115666510962348e+02
1.2659999999995080e+00 -1.8229945177148863e+02 1.4373068404072153e-07 1.4373068404072153e-07 -5.6534280919956484e+02 -3.7382113048552674e+02 2.3456519376532580e+02 3.0113522592218982e+02
1.2679999999994989e+00 -1.8224867454606084e+02 9.7827001955264061e-08 9.7827001955264061e-08 -5.6528721946131907e+02 -3.7376794700368998e+02 2.3456224671512967e+02 3.0109267915655789e+02
1.2699999999994898e+00 -1.8222144561630424e+02 3.2628640098175678e-07 3.2628640098175678e-07 -5.6531471576738693e+02 -3.7376808069184557e+02 2.3459575894108553e+02 3.0109278610703245e+02
1.2719999999994807e+00 -1.8216153259120500e+02 1.4417657746290669e-07 1.4417657746290669e-07 -5.6525131437487300e+02 -3.7370642348303898e+02 2.3459362276103516e+02 3.0104346036298540e+02
1.2739999999994716e+00 -1.8214010566844655e+02 1.5247452794686645e-07 1.5247452794686645e-07 -5.6528096141007541e+02 -3.7371053353926095e+02 2.3462489904507228e+02 3.0104674840642986e+02
1.2759999999994625e+00 -1.8208896087773664e+02 1.1701668756858297e-07 1.1701668756858297e-07 -5.6522724061592521e+02 -3.7365810074683094e+02 2.3462332157157118e+02 3.0100480219204331e+02
1.2779999999994534e+00 -1.8205618031036622e+02 2.3724892562915212e-07 2.3724892562915212e-07 -5.6521746397190145e+02 -3.7363682214113385e+02 2.3463740854014156e+02 3.0098777931542259e+02
1.2799999999994442e+00 -1.8201735931424494e+02 1.8599677612862741e-07 1.8599677612862741e-07 -5.6519874624855458e+02 -3.7360805278139975e+02 2.3464971923025593e+02 3.0096476383836625e+02
1.2819999999994351e+00 -1.8197257255402405e+02 7.1324920952742235e-08 7.1324920952742235e-08 -5.6516799567884516e+02 -3.7357028411643461e+02 2.3465831460642730e+02 3.0093454892048186e+02
1.2839999999994260e+00 -1.8194152622479550e+02 1.9971692934328545e-07 1.9971692934328545e-07 -5.6516352709807416e+02 -3.7355252666143485e+02 2.3467459008698555e+02 3.0092034296310561e+02
1.2859999999994169e+00 -1.8189392189929004e+02 1.4115244390155991e-07 1.4115244390155991e-07 -5.6512125107054351e+02 -3.7350758648491677e+02 2.3467785298979450e+02 3.0088439083865381e+02
1.2879999999994078e+00 -1.8186270945943420e+02 1.5211565491501933e-07 1.5211565491501933e-07 -5.6512466944019002e+02 -3.7349368944981211e+02 2.3469905994295956e+02 3.0087327321575367e+02
1.2899999999993987e+00 -1.8181686411266526e+02 1.6623959014971935e-07 1.6623959014971935e-07 -5.6508059618269567e+02 -3.7344873014768046e+02 2.3470014512158491e+02 3.0083730579081822e+02
1.2919999999993896e+00 -1.8178333429309336e+02 1.3686075973018409e-07 1.3686075973018409e-07 -5.6507279440840091e+02 -3.7342806435074715e+02 2.3471590026733696e+02 3.0082077316097985e+02
1.2939999999993805e+00 -1.8174168506625389e+02 1.7203253150577246e-07 1.7203253150577246e-07 -5.6504808262632446e+02 -3.7339488384628919e+02 2.3472627229164095e+02 3.0079422876978987e+02
1.2959999999993714e+00 -1.8170244105737220e+02 1.2191622783819246e-07 1.2191622783819246e-07 -5.6501932302742648e+02 -3.7336088204239934e+02 2.3473269265531951e+02 3.0076702733936065e+02
1.2979999999993623e+00 -1.8166578391717863e+02 1.5503277184858445e-07 1.5503277184858445e-07 -5.6500865629327973e+02 -3.7333722010522916e+02 2.3474860846357515e+02 3.0074809779845037e+02
1.2999999999993532e+00 -1.8162486553676885e+02 1.5043623862787125e-07 1.5043623862787125e-07 -5.6498263850025728e+02 -3.7330375201851308e+02 2.3475773317256679e+02 3.0072132334156117e+02
1.3019999999993441e+00 -1.8158558475663438e+02 2.1276375174628103e-07 2.1276375174628103e-07 -5.6495036753279544e+02 -3.7326797614471491e+02 2.3476202578862694e+02 3.0069270265586698e+02
1.3039999999993350e+00 -1.8155169341713631e+02 1.0814047456231268e-07 1.0814047456231268e-07 -5.6493895304712385e+02 -3.7324532323213009e+02 2.3477578999435141e+02 3.0067458033424867e+02
1.3059999999993259e+00 -1.8151252478317554e+02 1.0889216044029926e-07 1.0889216044029926e-07 -5.6490556578647977e+02 -3.7320904528482765e+02 2.3477933034801103e+02 3.0064555798993842e+02
1.3079999999993168e+00 -1.8147922815228881e+02 1.5089598888573530e-07 1.5089598888573530e-07 -5.6490542459684104e+02 -3.7319232637456491e+02 2.3479963382632465e+02 3.0063218286796439e+02
1.3099999999993077e+00 -1.8144140423427697e+02 1.3748020451453957e-07 1.3748020451453957e-07 -5.6487452651478441e+02 -3.7315796537453070e+02 2.3480387501735774e+02 3.0060469408075363e+02
1.3119999999992986e+00 -1.8140927009486933e+02 1.4573950002205739e-07 1.4573950002205739e-07 -5.6484653058009076e+02 -3.7312790033748001e+02 2.3480640913985786e+02 3.0058064206232740e+02
1.3139999999992895e+00 -1.8137976965991868e+02 1.5989459760723523e-07 1.5989459760723523e-07 -5.6483570438174002e+02 -3.7310773702082935e+02 2.3481784472760933e+02 3.0056451141652775e+02
1.3159999999992804e+00 -1.8134257116134862e+02 1.1779864828920239e-07 1.1779864828920239e-07 -5.6479942856423031e+02 -3.7307099986278945e+02 2.3481840975205765e+02 3.0053512170379878e+02
1.3179999999992713e+00 -1.8131434048396281e+02 1.4650980795560819e-07 1.4650980795560819e-07 -5.6478252271792246e+02 -3.7304843160094265e+02 2.3482534476644864e+02 3.0051706710273930e+02
1.3199999999992622e+00 -1.8127970200357177e+02 1.2737212760127737e-07 1.2737212760127737e-07 -5.6475681050553328e+02 -3.7301825625455251e+02 2.3483081096692666e+02 3.0049292683688259e+02
1.3219999999992531e+00 -1.8124786360808025e+02 1.3935834548339797e-07 1.3935834548339797e-07 -5.6472826606419301e+02 -3.7298806483613663e+02 2.3483282809365332e+02 3.0046877371341134e+02
1.3239999999992440e+00 -1.8121858360738909e+02 1.3701925926201676e-07 1.3701925926201676e-07 -5.6470997669769872e+02 -3.7296428015254389e+02 2.3483955845508632e+02 3.0044974597540880e+02
1.3259999999992349e+00 -1.8118539707615349e+02 1.2589075176649978e-07 1.2589075176649978e-07 -5.6468378784305742e+02 -3.7293459245960548e+02 2.3484384363934657e+02 3.0042599583213160e+02
1.3279999999992258e+00 -1.8115499087892007e+02 1.4061946483789890e-07 1.4061946483789890e-07 -5.6465807091709735e+02 -3.7290653089800873e+02 2.3484671521981784e+02 3.0040354659332115e+02
1.3299999999992167e+00 -1.8112525728539501e+02 1.3702350332600588e-07 1.3702350332600588e-07 -5.6463608263548360e+02 -3.7288066996043932e+02 2.3485145823533819e+02 3.0038285785291174e+02
1.3319999999992076e+00 -1.8109345908247022e+02 1.3651634889644270e-07 1.3651634889644270e-07 -5.6460614245407965e+02 -3.7284980076827492e+02 2.3485259603650252e+02 3.0035816251069446e+02
1.3339999999991985e+00 -1.8106558352439774e+02 1.4850546570743806e-07 1.4850546570743806e-07 -5.6458793323351563e+02 -3.7282675837895670e+02 2.3485851543514681e+02 3.0033972860783467e+02
1.3359999999991894e+00 -1.8103465665711315e+02 9.2200163380184995e-08 9.2200163380184995e-08 -5.6455525035622111e+02 -3.7279495350666713e+02 2.3485744010301994e+02 3.0031428472186627e+02
1.3379999999991803e+00 -1.8100760076322612e+02 1.4747908268275546e-07 1.4747908268275546e-07 -5.6453105478601526e+02 -3.7276932777462071e+02 2.3485919168639941e+02 3.0029378414578753e+02
1.3399999999991712e+00 -1.8097976251083347e+02 1.8145295189730960e-07 1.8145295189730960e-07 -5.6450601651655325e+02 -3.7274288951369334e+02 2.3486090631876661e+02 3.0027263354690706e+02
1.3419999999991621e+00 -1.8094931952750980e+02 1.5158335569309678e-07 1.5158335569309678e-07 -5.6447445627055174e+02 -3.7271188789903078e+02 2.3486022213789923e+02 3.0024783226674066e+02
1.3439999999991530e+00 -1.8092210349170284e+02 1.2204512164160074e-07 1.2204512164160074e-07 -5.6445432645264316e+02 -3.7268821497217300e+02 2.3486456154241355e+02 3.0022889393408445e+02
1.3459999999991439e+00 -1.8089149574573941e+02 9.5535669835666857e-08 9.5535669835666857e-08 -5.6442096941245143e+02 -3.7265623257909544e+02 2.3486287795041051e+02 3.0020330803155184e+02
1.3479999999991348e+00 -1.8086442565490185e+02 1.4749413317194371e-07 1.4749413317194371e-07 -5.6440053177687832e+02 -3.7263247871589010e+02 2.3486693948319544e+02 3.0018430494984773e+02
1.3499999999991257e+00 -1.8083499003941327e+02 1.2786346241799863e-07 1.2786346241799863e-07 -5.6436963893014456e+02 -3.7260231448477890e+02 2.3486604711494849e+02 3.0016017357621007e+02
1.3519999999991166e+00 -1.8080724616210645e+02 1.4630575387142299e-07 1.4630575387142299e-07 -5.6434261122411522e+02 -3.7257492869311085e+02 2.3486648567849801e+02 3.0013826495309053e+02
1.3539999999991075e+00 -1.8077970909535975e+02 1.2192698019747317e-07 1.2192698019747317e-07 -5.6431890652651111e+02 -3.7254930781093543e+02 2.3486883251572439e+02 3.0011776825690680e+02
1.3559999999990984e+00 -1.8075109896793805e+02 9.5037740659720257e-08 9.5037740659720257e-08 -5.6428662632691544e+02 -3.7251886264742677e+02 2.3486658506468802e+02 3.0009341213745586e+02
1.3579999999990893e+00 -1.8072535111161949e+02 1.4264268555608251e-07 1.4264268555608251e-07 -5.6426335443303719e+02 -3.7249435277232834e+02 2.3486810127583828e+02 3.0007380424651933e+02
1.3599999999990802e+00 -1.8069719581508963e+02 1.2538845638232489e-07 1.2538845638232489e-07 -5.6423285703456793e+02 -3.7246502642482881e+02 2.3486666703716901e+02 3.0005034317945842e+02
1.3619999999990711e+00 -1.8067950550700263e+02 -2.6444071021258788e-08 -2.6444071021258788e-08 -5.6420190263380209e+02 -3.7244070407040238e+02 2.3485854447242798e+02 3.0003088530498951e+02
1.3639999999990620e+00 -1.8065385383451505e+02 2.6059605381378860e-08 2.6059605381378860e-08 -5.6417144867788897e+02 -3.7241265125620203e+02 2.3485560368642976e+02 3.0000844306409294e+02
1.3659999999990529e+00 -1.8062009422652892e+02 2.8000186286819553e-07 2.8000186286819553e-07 -5.6416042356174671e+02 -3.7239025889413779e+02 2.3486952566257452e+02 2.9999052918279386e+02
1.3679999999990438e+00 -1.8058816026940673e+02 5.6297962345658320e-07 5.6297962345658320e-07 -5.6413129368841669e+02 -3.7235972697891168e+02 2.3487124280619622e+02 2.9996610366200139e+02
1.3699999999990347e+00 -1.8056611195897349e+02 4.7873155910482805e-07 4.7873155910482805e-07 -5.6408410758025104e+02 -3.7232510976961225e+02 2.3485584911177079e+02 2.9993840990747412e+02
1.3719999999990256e+00 -1.8054263886395992e+02 3.3709088854000368e-07 3.3709088854000368e-07 -5.6406641647243134e+02 -3.7230452766819565e+02 2.3485938984135183e+02 2.9992194423401799e+02
1.3739999999990165e+00 -1.8051058225405822e+02 5.7857487132662035e-08 5.7857487132662035e-08 -5.6404496325849300e+02 -3.7227777275627562e+02 2.3486588306876459e+02 2.9990054031446152e+02
1.3759999999990074e+00 -1.8048647636367204e+02 -2.1825652178064647e-08 -2.1825652178064647e-08 -5.6400899063209295e+02 -3.7224773349788251e+02 2.3485861620672802e+02 2.9987650891895163e+02
1.3779999999989982e+00 -1.8046444714779781e+02 2.0505125199743456e-07 2.0505125199743456e-07 -5.6398230657239537e+02 -3.7222337686009661e+02 2.3485576570867812e+02 2.9985702361780801e+02
1.3799999999989891e+00 -1.8043753833656976e+02 2.7941826392985371e-07 2.7941826392985371e-07 -5.6395927024213665e+02 -3.7219840428935322e+02 2.3485813710928150e+02 2.9983704557052806e+02
1.3819999999989800e+00 -1.8041323988749454e+02 8.4584256300479499e-08 8.4584256300479499e-08 -5.6392493692513290e+02 -3.7216908840631373e+02 2.3485199203276619e+02 2.9981359287503125e+02
1.3839999999989709e+00 -1.8039211654090079e+02 1.2903904899164155e-07 1.2903904899164155e-07 -5.6389795095736804e+02 -3.7214503374913443e+02 2.3484840192516009e+02 2.9979434915826022e+02
1.3859999999989618e+00 -1.8036832196370153e+02 1.9954061166158055e-07 1.9954061166158055e-07 -5.6386905110245539e+02 -3.7211868653307846e+02 2.3484527559381186e+02 2.9977327139524294e+02
1.3879999999989527e+00 -1.8034665628775136e+02 1.5684718161934620e-07 1.5684718161934620e-07 -5.6383522714416085e+02 -3.7209094171595609e+02 2.3483783019683878e+02 2.9975107555189385e+02
1.3899999999989436e+00 -1.8032477519777910e+02 1.5357543614369362e-07 1.5357543614369362e-07 -5.6380794472520381e+02 -3.7206635996149146e+02 2.3483452257185235e+02 2.9973141015749121e+02
1.3919999999989345e+00 -1.8030074233809191e+02 1.9243072084923486e-07 1.9243072084923486e-07 -5.6378130479057643e+02 -3.7204102356433418e+02 2.3483292607102118e+02 2.9971114104921583e+02
1.3939999999989254e+00 -1.8027909074013192e+02 1.8430566296287476e-07 1.8430566296287476e-07 -5.6374601055823155e+02 -3.7201255064918172e+02 2.3482457169777362e+02 2.9968836272771426e+02
1.3959999999989163e+00 -1.8025906449259247e+02 -5.2556138854116533e-06 -5.2556138854116533e-06 -5.6371896430763695e+02 -3.7198901440011468e+02 2.3482027284140432e+02 2.9966953373723965e+02
1.3979999999989072e+00 -1.8023506000064049e+02 -8.9913530176913976e-06 -8.9913530176913976e-06 -5.6368974449469522e+02 -3.7196240224766785e+02 2.3481707912258722e+02 2.9964824402520850e+02
1.3999999999988981e+00 -1.8021123616714988e+02 6.8570460724859394e-06 6.8570460724859394e-06 -5.6365549754709548e+02 -3.7193336685712268e+02 2.3481069629481246e+02 2.9962501572360259e+02
1.4019999999988890e+00 -1.8019319879764404e+02 6.1353821451787253e-06 6.1353821451787253e-06 -5.6363289251116657e+02 -3.7191304565440532e+02 2.3480789918179946e+02 2.9960875876900849e+02
1.4039999999988799e+00 -1.8016994301270253e+02 -2.1442287669298788e-06 -2.1442287669298788e-06 -5.6359182192714695e+02 -3.7188088246992476e+02 2.3479698988989634e+02 2.9958302823342092e+02
1.4059999999988708e+00 -1.8014836731223306e+02 4.1187863953601188e-06 4.1187863953601188e-06 -5.6356841856295387e+02 -3.7185839293759346e+02 2.3479587067901039e+02 2.9956503661594451e+02
1.4079999999988617e+00 -1.8012408031356239e+02 -5.5372715341228674e-07 -5.5372715341228674e-07 -5.6353948513440162e+02 -3.7183178272398197e+02 2.3479302533342641e+02 2.9954374845498091e+02
1.4099999999988526e+00 -1.8010145951940115e+02 -5.4456306651184952e-07 -5.4456306651184952e-07 -5.6349362265228206e+02 -3.7179754108584160e+02 2.3477879276436167e+02 2.9951635515724075e+02
1.4119999999988435e+00 -1.8008415212334222e+02 5.4681649914123388e-07 5.4681649914123388e-07 -5.6347805443714492e+02 -3.7178110328024354e+02 2.3477985779081888e+02 2.9950320491889363e+02
1.4139999999988344e+00 -1.8005705185147141e+02 7.9407927514929532e-07 7.9407927514929532e-07 -5.6344107790168880e+02 -3.7174906487658012e+02 2.3477380983923155e+02 2.9947757420791316e+02
1.4159999999988253e+00 -1.8003842374614146e+02 -5.6390751441870443e-07 -5.6390751441870443e-07 -5.6341237353223141e+02 -3.7172539863918644e+02 2.3476763941282513e+02 2.9945864122682576e+02
1.4179999999988162e+00 -1.8001643114232033e+02 -5.7394716566738775e-07 -5.7394716566738775e-07 -5.6337204089040881e+02 -3.7169423601636458e+02 2.3475640847908340e+02 2.9943371114019197e+02
1.4199999999988071e+00 -1.7999453139704880e+02 1.3345582441681714e-06 1.3345582441681714e-06 -5.6335378348498966e+02 -3.7167415744101925e+02 2.3475863894761045e+02 2.9941764828740497e+02
1.4219999999987980e+00 -1.7997220372224334e+02 -1.2452451656652652e-06 -1.2452451656652652e-06 -5.6331357769966553e+02 -3.7164289071095442e+02 2.3474769088552654e+02 2.9939263491501561e+02
1.4239999999987889e+00 -1.7995296247886117e+02 -7.4894412046333517e-07 -7.4894412046333517e-07 -5.6327952125299453e+02 -3.7161624186592786e+02 2.3473861846340316e+02 2.9937131584893439e+02
1.4259999999987798e+00 -1.7993080005637651e+02 2.1684192920057301e-06 2.1684192920057301e-06 -5.6325559581458572e+02 -3.7159319793548110e+02 2.3473753884104758e+02 2.9935288071317240e+02
1.4279999999987707e+00 -1.7990527637060703e+02 -1.4366704172186218e-06 -1.4366704172186218e-06 -5.6321634574771429e+02 -3.7156081105916064e+02 2.3472913318361887e+02 2.9932697122419631e+02
1.4299999999987616e+00 -1.7988576318599644e+02 1.3424312959364747e-07 1.3424312959364747e-07 -5.6318910833877635e+02 -3.7153743576238639e+02 2.3472440308155365e+02 2.9930827099549589e+02
1.4319999999987525e+00 -1.7986373021735963e+02 9.4432914831021901e-07 9.4432914831021901e-07 -5.6315442508378544e+02 -3.7150907765057252e+02 2.3471665639488677e+02 2.9928558451662241e+02
1.4339999999987434e+00 -1.7984067990841649e+02 -4.8307428903604516e-07 -4.8307428903604516e-07 -5.6312098127674096e+02 -3.7148083059257874e+02 2.3471029170313901e+02 2.9926298688076349e+02
1.4359999999987343e+00 -1.7982540359780194e+02 4.3017543967849296e-07 4.3017543967849296e-07 -5.6310491899634337e+02 -3.7146516129707265e+02 2.3470981039690858e+02 2.9925045145020329e+02
1.4379999999987252e+00 -1.7978678438950004e+02 1.7777689180209501e-07 1.7777689180209501e-07 -5.6303804222787983e+02 -3.7141241330868991e+02 2.3469250624596560e+02 2.9920825307917210e+02
1.4399999999987161e+00 -1.7977559460090390e+02 5.6055744669269993e-07 5.6055744669269993e-07 -5.6303508927697044e+02 -3.7140534193893717e+02 2.3469755025832225e+02 2.9920259598600751e+02
1.4419999999987070e+00 -1.7975216699392351e+02 -1.6435847392748394e-07 -1.6435847392748394e-07 -5.6298292166177441e+02 -3.7136754432784898e+02 2.3467995066948933e+02 2.9917235791123545e+02
1.4439999999986979e+00 -1.7973927097186089e+02 -1.6148855500608405e-07 -1.6148855500608405e-07 -5.6297492216131889e+02 -3.7135709656658992e+02 2.3468294916435229e+02 2.9916399970612525e+02
1.4459999999986888e+00 -1.7971055370001312e+02 9.7396951716288716e-07 9.7396951716288716e-07 -5.6293151629978331e+02 -3.7132103499989819e+02 2.3467395427690823e+02 2.9913515046622285e+02
1.4479999999986797e+00 -1.7969759797348186e+02 -5.7031148525177325e-07 -5.7031148525177325e-07 -5.6288240884855634e+02 -3.7129000341101909e+02 2.3465181595720176e+02 2.9911032520669431e+02
1.4499999999986706e+00 -1.7967633231759791e+02 -4.7651066743537031e-08 -4.7651066743537031e-08 -5.6284748343453305e+02 -3.7126190787606549e+02 2.3464345109783889e+02 2.9908784878921114e+02
1.4519999999986615e+00 -1.7965091148421575e+02 7.2867937346621227e-07 7.2867937346621227e-07 -5.6283895820481393e+02 -3.7124493484451483e+02 2.3465379749980661e+02 2.9907427037030152e+02
1.4539999999986524e+00 -1.7962466158259261e+02 -5.7588599232216705e-07 -5.7588599232216705e-07 -5.6278761509848823e+02 -3.7120613834054041e+02 2.3463843111292351e+02 2.9904323318159311e+02
1.4559999999986433e+00 -1.7961600973679739e+02 1.5571591870156000e-07 1.5571591870156000e-07 -5.6275108377834670e+02 -3.7118354675757206e+02 2.3462135849131209e+02 2.9902515992364505e+02
1.4579999999986342e+00 -1.7959046855649206e+02 5.2078688100753998e-07 5.2078688100753998e-07 -5.6271963279263480e+02 -3.7115505067456343e+02 2.3461773948938082e+02 2.9900236306786718e+02
1.4599999999986251e+00 -1.7956232090282342e+02 -2.0192578644606663e-07 -2.0192578644606663e-07 -5.6270049617445841e+02 -3.7113140853864093e+02 2.3462325759913335e+02 2.9898344936794769e+02
1.4619999999986160e+00 -1.7954347624764091e+02 1.9325970605055253e-07 1.9325970605055253e-07 -5.6265872726190480e+02 -3.7110110175477286e+02 2.3460921941581049e+02 2.9895920395215768e+02
1.4639999999986069e+00 -1.7952475369643867e+02 2.6013269410318785e-07 2.6013269410318785e-07 -5.6260505748054334e+02 -3.7106490558849100e+02 2.3458781869535707e+02 2.9893024703263336e+02
1.4659999999985978e+00 -1.7951347402438506e+02 2.4253322037370851e-08 2.4253322037370851e-08 -5.6259352549322625e+02 -3.7105349975880563e+02 2.3458766418444461e+02 2.9892112237313944e+02
1.4679999999985887e+00 -1.7947800298586475e+02 -7.7060299047415623e-08 -7.7060299047415623e-08 -5.6255023695263355e+02 -3.7101411996924912e+02 2.3458287696165948e+02 2.9888961855618294e+02
1.4699999999985796e+00 -1.7946433263083716e+02 1.2000419669089268e-07 1.2000419669089268e-07 -5.6253125358037209e+02 -3.7099779310560461e+02 2.3457962341635510e+02 2.9887655707135724e+02
1.4719999999985705e+00 -1.7944368898336816e+02 2.5922125490462913e-07 2.5922125490462913e-07 -5.6247352841563497e+02 -3.7095860869950155e+02 2.3455691571730634e+02 2.9884520956109054e+02
1.4739999999985613e+00 -1.7942482529757393e+02 -1.6046548456327692e-07 -1.6046548456327692e-07 -5.6244210947081160e+02 -3.7093346738419280e+02 2.3454922722275384e+02 2.9882509651822124e+02
1.4759999999985522e+00 -1.7939957658766033e+02 2.2005313531914262e-07 2.2005313531914262e-07 -5.6241941738660296e+02 -3.7090949698713166e+02 2.3455079282986392e+02 2.9880592020951332e+02
1.4779999999985431e+00 -1.7937727452831226e+02 2.7911617531906076e-07 2.7911617531906076e-07 -5.6238453603072571e+02 -3.7088090527951897e+02 2.3454308961540906e+02 2.9878304685408784e+02
1.4799999999985340e+00 -1.7935823308012181e+02 -1.7999213090202914e-07 -1.7999213090202914e-07 -5.6233677987014664e+02 -3.7084750647513420e+02 2.3452550551704331e+02 2.9875632782303785e+02
1.4819999999985249e+00 -1.7934568848088861e+02 2.0268687406899132e-07 2.0268687406899132e-07 -5.6231108784454750e+02 -3.7082838816271806e+02 2.3451745439553648e+02 2.9874103318023606e+02
1.4839999999985158e+00 -1.7932001977477961e+02 1.8493618213710762e-07 1.8493618213710762e-07 -5.6225745382029140e+02 -3.7078873679753553e+02 2.3450032920554770e+02 2.9870931210288001e+02
1.4859999999985067e+00 -1.7930561837855470e+02 -1.2058533576997377e-07 -1.2058533576997377e-07 -5.6225458083779870e+02 -3.7078009960817667e+02 2.3450738888834462e+02 2.9870240235461461e+02
1.4879999999984976e+00 -1.7928349750064919e+02 9.1447990344661891e-08 9.1447990344661891e-08 -5.6218787255923360e+02 -3.7073568502994141e+02 2.3448008479320134e+02 2.9866687070859302e+02
1.4899999999984885e+00 -1.7927460146745284e+02 2.0146726730674303e-07 2.0146726730674303e-07 -5.6215304356354250e+02 -3.7071382251549767e+02 2.3446420416179367e+02 2.9864938070519270e+02
1.4919999999984794e+00 -1.7925839673542276e+02 4.5465048219561765e-08 4.5465048219561765e-08 -5.6212844898001038e+02 -3.7069342285771654e+02 2.3445906644799422e+02 2.9863306098657688e+02
1.4939999999984703e+00 -1.7923172852777418e+02 -9.9164721321098883e-08 -9.9164721321098883e-08 -5.6208294554592055e+02 -3.7065733703684737e+02 2.3444753227450150e+02 2.9860419234334154e+02
1.4959999999984612e+00 -1.7921982144814496e+02 3.7660110088211238e-08 3.7660110088211238e-08 -5.6206302994373607e+02 -3.7064142569594048e+02 2.3444262807603803e+02 2.9859146327655100e+02
1.4979999999984521e+00 -1.7920106183084033e+02 2.9467837429963951e-07 2.9467837429963951e-07 -5.6200161158800245e+02 -3.7060133670942139e+02 2.3441650504048255e+02 2.9855939210228894e+02
1.4999999999984430e+00 -1.7918761924567411e+02 -1.1369045582965142e-07 -1.1369045582965142e-07 -5.6198136895607740e+02 -3.7058449410087576e+02 2.3441234087928601e+02 2.9854591802173474e+02
1.5019999999984339e+00 -1.7916708139804561e+02 -4.0086766572855481e-08 -4.0086766572855481e-08 -5.6194041804353549e+02 -3.7055374972079056e+02 2.3439984048100493e+02 2.9852132252913418e+02
1.5039999999984248e+00 -1.7914661825046025e+02 2.9849938457893190e-07 2.9849938457893190e-07 -5.6190124186529908e+02 -3.7052393005787968e+02 2.3438838113684594e+02 2.9849746680992826e+02
1.5059999999984157e+00 -1.7913384219695786e+02 -2.6683701521701409e-08 -2.6683701521701409e-08 -5.6187409416950743e+02 -3.7050396818323264e+02 2.3437958033925230e+02 2.9848149731765642e+02
1.5079999999984066e+00 -1.7911557476696578e+02 -5.1454624885316493e-08 -5.1454624885316493e-08 -5.6181291556904239e+02 -3.7046424516800408e+02 2.3435330272127123e+02 2.9844971892029020e+02
1.5099999999983975e+00 -1.7910094205613882e+02 1.7024164127299458e-07 1.7024164127299458e-07 -5.6179730182354126e+02 -3.7044912193984004e+02 2.3435270196267831e+02 2.9843762034339994e+02
1.5119999999983884e+00 -1.7907830785965430e+02 1.0778123968657738e-07 1.0778123968657738e-07 -5.6175571999317287e+02 -3.7041701392641357e+02 2.3434109895396620e+02 2.9841193394463511e+02
1.5139999999983793e+00 -1.7906168628912593e+02 8.5518093451142369e-09 8.5518093451142369e-09 -5.6171144056792048e+02 -3.7038656342852323e+02 2.3432416204610269e+02 2.9838757355768087e+02
1.5159999999983702e+00 -1.7905034811533389e+02 1.1343144805664451e-08 1.1343144805664451e-08 -5.6167933446476320e+02 -3.7036484129004856e+02 2.3431144433861294e+02 2.9837019585500343e+02
1.5179999999983611e+00 -1.7902993420037950e+02 1.6337777606789671e-07 1.6337777606789671e-07 -5.6163173922195699e+02 -3.7033083671116822e+02 2.3429479924267088e+02 2.9834299220458291e+02
1.5199999999983520e+00 -1.7901317080955548e+02 7.7797303450477525e-08 7.7797303450477525e-08 -5.6161097322155115e+02 -3.7031207201555333e+02 2.3429234815489212e+02 2.9832798045509020e+02
1.5219999999983429e+00 -1.7899450318928851e+02 -7.5145840772172789e-08 -7.5145840772172789e-08 -5.6156210271722614e+02 -3.7027830295325731e+02 2.3427385274121647e+02 2.9830096521784924e+02
1.5239999999983338e+00 -1.7898042906353203e+02 1.4963134689960355e-07 1.4963134689960355e-07 -5.6152300657841226e+02 -3.7025171782097215e+02 2.3425852995013449e+02 2.9827969712193737e+02
1.5259999999983247e+00 -1.7896662623121236e+02 1.2260038039668687e-07 1.2260038039668687e-07 -5.6148915553637119e+02 -3.7022789088379176e+02 2.3424625297911606e+02 2.9826063558108058e+02
1.5279999999983156e+00 -1.7894650273774096e+02 -5.8020820055126879e-08 -5.8020820055126879e-08 -5.6144505102612027e+02 -3.7019577688193061e+02 2.3423156766546029e+02 2.9823494439157014e+02
1.5299999999983065e+00 -1.7893497939602148e+02 1.2422816146218095e-07 1.2422816146218095e-07 -5.6140219930849821e+02 -3.7016858935225986e+02 2.3421238303160246e+02 2.9821319437797450e+02
1.5319999999982974e+00 -1.7891584300282682e+02 1.6401967631862746e-07 1.6401967631862746e-07 -5.6133670488511314e+02 -3.7012627394396998e+02 2.3418399465174070e+02 2.9817934206712624e+02
1.5339999999982883e+00 -1.7890321493008000e+02 1.4170680118219536e-09 1.4170680118219536e-09 -5.6130109157767504e+02 -3.7010215325387753e+02 2.3416991912758775e+02 2.9816004552404928e+02
1.5359999999982792e+00 -1.7888203366911770e+02 1.8973239581665526e-08 1.8973239581665526e-08 -5.6127069354188131e+02 -3.7007636360549952e+02 2.3416427502873495e+02 2.9813941381496642e+02
1.5379999999982701e+00 -1.7885315121613843e+02 4.9351202384695373e-08 4.9351202384695373e-08 -5.6126335079915634e+02 -3.7005825100764741e+02 2.3417746535356758e+02 2.9812492374344072e+02
1.5399999999982610e+00 -1.7883533076953239e+02 1.2015925197506049e-07 1.2015925197506049e-07 -5.6119173796724351e+02 -3.7001353436838792e+02 2.3414452437955538e+02 2.9808915044871242e+02
1.5419999999982519e+00 -1.7882693470726323e+02 -3.0094597747165608e-09 -3.0094597747165608e-09 -5.6115211790733406e+02 -3.6998952630729866e+02 2.3412540366406822e+02 2.9806994400879609e+02
1.5439999999982428e+00 -1.7880404254914762e+02 1.6736795942495774e-08 1.6736795942495774e-08 -5.6114413688096829e+02 -3.6997408971505797e+02 2.3413453483013686e+02 2.9805759474076137e+02
1.5459999999982337e+00 -1.7877748662709487e+02 1.3860885247352073e-07 1.3860885247352073e-07 -5.6108893282963413e+02 -3.6993320972836449e+02 2.3411699150543069e+02 2.9802489076665483e+02
1.5479999999982246e+00 -1.7876673416579081e+02 2.5771984557554361e-08 2.5771984557554361e-08 -5.6103519808812973e+02 -3.6990096612696027e+02 2.3409067034181263e+02 2.9799909589755833e+02
1.5499999999982155e+00 -1.7875374259591902e+02 5.7550275123219311e-09 5.7550275123219311e-09 -5.6101147638813859e+02 -3.6988260949202879e+02 2.3408409950589615e+02 2.9798441059646012e+02
1.5519999999982064e+00 -1.7873130078242198e+02 1.0216770158111288e-07 1.0216770158111288e-07 -5.6096649119505753e+02 -3.6984889598873974e+02 2.3407029456163144e+02 2.9795743980640407e+02
1.5539999999981973e+00 -1.7871468341198309e+02 6.4063288285343134e-08 6.4063288285343134e-08 -5.6092460285520008e+02 -3.6981964313359157e+02 2.3405481931653622e+02 2.9793403753319683e+02
1.5559999999981882e+00 -1.7869706995370154e+02 3.4366958951981275e-08 3.4366958951981275e-08 -5.6088814825520001e+02 -3.6979260910445078e+02 2.3404328152069073e+02 2.9791241031996788e+02
1.5579999999981791e+00 -1.7867975099507379e+02 3.3235848848622853e-08 3.3235848848622853e-08 -5.6085033454662823e+02 -3.6976504277085098e+02 2.3403073110074854e+02 2.9789035726337028e+02
1.5599999999981700e+00 -1.7866779874642532e+02 8.7518584368506677e-08 8.7518584368506677e-08 -5.6079893319870462e+02 -3.6973336597256497e+02 2.3400657355973942e+02 2.9786501583655695e+02
1.5619999999981609e+00 -1.7865151357288352e+02 7.3872796948482034e-08 7.3872796948482034e-08 -5.6076182545327356e+02 -3.6970666951307851e+02 2.3399382239067415e+02 2.9784365867892558e+02
1.5639999999981518e+00 -1.7863142931108155e+02 -8.6132353915857609e-10 -8.6132353915857609e-10 -5.6073970423438823e+02 -3.6968556677273489e+02 2.3399257501430358e+02 2.9782677649452199e+02
1.5659999999981427e+00 -1.7861456005281914e+02 7.1448418841324474e-08 7.1448418841324474e-08 -5.6067709465896758e+02 -3.6964582735589335e+02 2.3396456490487591e+02 2.9779498497587156e+02
1.5679999999981336e+00 -1.7860684685671205e+02 8.9916150938229581e-08 8.9916150938229581e-08 -5.6063787927747978e+02 -3.6962236306709593e+02 2.3394527383488457e+02 2.9777621355358582e+02
1.5699999999981245e+00 -1.7859099494017519e+02 1.2617613405208062e-08 1.2617613405208062e-08 -5.6060745614341693e+02 -3.6959922554179605e+02 2.3393635082291715e+02 2.9775770354197618e+02
1.5719999999981153e+00 -1.7857085802543176e+02 4.7301417129830270e-08 4.7301417129830270e-08 -5.6056179724909691e+02 -3.6956632763726435e+02 2.3392072186612000e+02 2.9773138523062175e+02
1.5739999999981062e+00 -1.7855808831090781e+02 7.3739458974486633e-08 7.3739458974486633e-08 -5.6052193184384441e+02 -3.6954001007737611e+02 2.3390412921199177e+02 2.9771033119252763e+02
1.5759999999980971e+00 -1.7854495947788254e+02 4.8432297188316652e-08 4.8432297188316652e-08 -5.6047593745030144e+02 -3.6951044846409201e+02 2.3388400324864699e+02 2.9768668191292682e+02
1.5779999999980880e+00 -1.7853300980338537e+02 3.8884916964132546e-08 3.8884916964132546e-08 -5.6043870740698287e+02 -3.6948585860518415e+02 2.3386852224761657e+02 2.9766701003497258e+02
1.5799999999980789e+00 -1.7851835444263338e+02 4.7081454077613214e-08 4.7081454077613214e-08 -5.6039344435888916e+02 -3.6945589940076127e+02 2.3384977894356811e+02 2.9764304268260906e+02
1.5819999999980698e+00 -1.7850200227560279e+02 7.1578246583214874e-08 7.1578246583214874e-08 -5.6035795748532382e+02 -3.6942997988046329e+02 2.3383806137672110e+02 2.9762230707603862e+02
1.5839999999980607e+00 -1.7848810603156602e+02 3.3472606282280994e-08 3.3472606282280994e-08 -5.6031849529457998e+02 -3.6940330066307297e+02 2.3382240549566521e+02 2.9760096371207771e+02
1.5859999999980516e+00 -1.7847794505009938e+02 2.7155033637260574e-08 2.7155033637260574e-08 -5.6026192619635913e+02 -3.6936993562322925e+02 2.3379398644417239e+02 2.9757427169264793e+02
1.5879999999980425e+00 -1.7846822478188838e+02 8.0028868902903842e-08 8.0028868902903842e-08 -5.6023012046360600e+02 -3.6934917262274718e+02 2.3378046191445725e+02 2.9755766130000688e+02
1.5899999999980334e+00 -1.7845041213803830e+02 4.6233255883709745e-08 4.6233255883709745e-08 -5.6019268910475853e+02 -3.6932155062139839e+02 2.3376844795416906e+02 2.9753556370923087e+02
1.5919999999980243e+00 -1.7843550532326918e+02 2.4315485227521807e-08 2.4315485227521807e-08 -5.6014674340021008e+02 -3.6929112436173966e+02 2.3374944059363361e+02 2.9751122271285288e+02
1.5939999999980152e+00 -1.7842736105404106e+02 5.3847335497181351e-08 5.3847335497181351e-08 -5.6010188928445109e+02 -3.6926462516924607e+02 2.3372696049549947e+02 2.9749002336874219e+02
1.5959999999980061e+00 -1.7841752900921941e+02 5.4376668685574006e-08 5.4376668685574006e-08 -5.6005738187638508e+02 -3.6923745544280223e+02 2.3370572625885092e+02 2.9746828759772143e+02
1.5979999999979970e+00 -1.7838200349055603e+02 4.5247900437583868e-08 4.5247900437583868e-08 -5.6000446301466195e+02 -3.6919323325260899e+02 2.3369507505499652e+02 2.9743290986206171e+02
1.5999999999979879e+00 -1.7842631539436152e+02 2.2862110782284619e-08 2.2862110782284619e-08 -5.6002080480524012e+02 -3.6922356009980081e+02 2.3367794692863282e+02 2.9745717132850325e+02
1.6019999999979788e+00 -1.7835670762511072e+02 5.6173851623597672e-08 5.6173851623597672e-08 -5.5988660486289268e+02 -3.6912165624400171e+02 2.3363839246226672e+02 2.9737564828187413e+02
1.6039999999979697e+00 -1.7837709530963829e+02 5.2591227430731633e-08 5.2591227430731633e-08 -5.5993696854669417e+02 -3.6915703192816625e+02 2.3365674893795449e+02 2.9740394881601060e+02
1.6059999999979606e+00 -1.7835883840513168e+02 2.4187673595132965e-08 2.4187673595132965e-08 -5.5979810416511373e+02 -3.6907847128512270e+02 2.3358289224345569e+02 2.9734110033087887e+02
1.6079999999979515e+00 -1.7834291379863120e+02 3.8405516524786520e-08 3.8405516524786520e-08 -5.5986494398535615e+02 -3.6910392889199369e+02 2.3363357489704916e+02 2.9736146640688003e+02
1.6099999999979424e+00 -1.7833369424592479e+02 5.4873655170872841e-08 5.4873655170872841e-08 -5.5972997303680040e+02 -3.6903183364136260e+02 2.3355656820848083e+02 2.9730379023326668e+02
1.6119999999979333e+00 -1.7833859744419783e+02 3.9618306393318647e-08 3.9618306393318647e-08 -5.5971726988326873e+02 -3.6902793366373328e+02 2.3354578656394244e+02 2.9730067025261792e+02
1.6139999999979242e+00 -1.7832649090984032e+02 2.7824214778870982e-08 2.7824214778870982e-08 -5.5973058250215104e+02 -3.6902853670599569e+02 2.3356135255272522e+02 2.9730115268620290e+02
1.6159999999979151e+00 -1.7843084038925264e+02 5.5356878088774762e-07 5.5356878088774762e-07 -5.5988206115018545e+02 -3.6915645076971907e+02 2.3359021315650665e+02 2.9740348388946961e+02
1.6179999999979060e+00 -1.8177365508976203e+02 -8.2193465345881122e-07 -8.2193465345881122e-07 -5.6027329091602621e+02 -3.7102347300289409e+02 2.3178274390090058e+02 2.9889710097961023e+02
1.6199999999978969e+00 -1.8500835484992152e+02 1.4864829263505630e-06 1.4864829263505630e-06 -5.6342430405023913e+02 -3.7421632945008031e+02 2.3173149651793457e+02 3.0145138494642345e+02
1.6219999999978878e+00 -1.8841113317864085e+02 1.4198935089515529e-06 1.4198935089515529e-06 -5.6141725582774450e+02 -3.7491419450319268e+02 2.2841866785607590e+02 3.0200967672860963e+02
1.6239999999978787e+00 -1.8680409608945965e+02 -1.9073013470194412e-06 -1.9073013470194412e-06 -5.6496506675258809e+02 -3.7588458142102388e+02 2.3157535469006586e+02 3.0278598590092020e+02
1.6259999999978696e+00 -1.8614693903254323e+02 -3.0387396841469185e-07 -3.0387396841469185e-07 -5.6160768416663518e+02 -3.7387731159958923e+02 2.2992181100592182e+02 3.0118017079248426e+02
1.6279999999978605e+00 -1.8512365138618330e+02 5.6908479509232277e-07 5.6908479509232277e-07 -5.6332121709340959e+02 -3.7422243423979643e+02 2.3159776448635446e+02 3.0145626877591928e+02
1.6299999999978514e+00 -1.8472353883391284e+02 5.7316407891860882e-07 5.7316407891860882e-07 -5.6099431399253820e+02 -3.7285892641322550e+02 2.3041785106503210e+02 3.0036546302325104e+02
1.6319999999978423e+00 -1.8544193470111273e+02 -3.7846070457092649e-07 -3.7846070457092649e-07 -5.6269648009839727e+02 -3.7406920739975499e+02 2.3102028484224485e+02 3.0133368736103972e+02
1.6339999999978332e+00 -1.8645141643060197e+02 1.9775735376370563e-07 1.9775735376370563e-07 -5.6280827404224158e+02 -3.7462984523642177e+02 2.3047056558645508e+02 3.0178219742125520e+02
1.6359999999978241e+00 -1.8706213373613770e+02 1.3581175799082247e-07 1.3581175799082247e-07 -5.6147706598434786e+02 -3.7426959986024281e+02 2.2928138402171234e+02 3.0149400125468361e+02
1.6379999999978150e+00 -1.8840920235070803e+02 -1.1853079205259576e-07 -1.1853079205259576e-07 -5.6249392051707991e+02 -3.7545156143389397e+02 2.2907917002011598e+02 3.0243957007273275e+02
1.6399999999978059e+00 -1.8949980974645334e+02 4.9186984441007554e-09 4.9186984441007554e-09 -5.6148192938152647e+02 -3.7549086956398992e+02 2.2779159663621417e+02 3.0247101656214755e+02
1.6419999999977968e+00 -1.9152684353206863e+02 3.8946832733088858e-07 3.8946832733088858e-07 -5.6278128657259867e+02 -3.7715406505233364e+02 2.2734598754761504e+02 3.0380157233245052e+02
1.6439999999977877e+00 -1.9281477323097647e+02 5.7503908763578696e-08 5.7503908763578696e-08 -5.6147695928381643e+02 -3.7714586625739645e+02 2.2575856082211379e+02 3.0379501329955883e+02
1.6459999999977786e+00 -1.9475286766223417e+02 -5.4832874223365028e-08 -5.4832874223365028e-08 -5.6229164864756183e+02 -3.7852225815489800e+02 2.2507061852464827e+02 3.0489612630416582e+02
1.6479999999977695e+00 -1.9640745402114393e+02 9.4485827411006086e-08 9.4485827411006086e-08 -5.6161630974458433e+02 -3.7901188188286415e+02 2.2364383651703719e+02 3.0528782510390903e+02
1.6499999999977604e+00 -1.9837800772992389e+02 5.7434246585330586e-08 5.7434246585330586e-08 -5.6184981465577278e+02 -3.8011391119284832e+02 2.2258011571393365e+02 3.0616944814083934e+02
1.6519999999977513e+00 -1.9894989898324684e+02 5.5430733834072046e-07 5.5430733834072046e-07 -5.6110406835735091e+02 -3.8002698367029888e+02 2.2177323079700744e+02 3.0609990615522378e+02
1.6539999999977422e+00 -1.9902799200375125e+02 -3.3944003945407531e-07 -3.3944003945407531e-07 -5.6131546850367920e+02 -3.8017173025371522e+02 2.2185486440634378e+02 3.0621570336796634e+02
1.6559999999977331e+00 -1.9947792200967746e+02 -3.9202907604618534e-08 -3.9202907604618534e-08 -5.6172744230266221e+02 -3.8060268215616986e+02 2.2183162107144821e+02 3.0656046472918496e+02
1.6579999999977240e+00 -1.9946001634306140e+02 1.6080054461298234e-07 1.6080054461298234e-07 -5.6196273215839688e+02 -3.8071137425072914e+02 2.2198667103017740e+02 3.0664741836429022e+02
1.6599999999977149e+00 -1.9950873843599123e+02 1.1126085018631215e-07 1.1126085018631215e-07 -5.6184746365531839e+02 -3.8067810104565478e+02 2.2188624770946859e+02 3.0662079981264162e+02
1.6619999999977058e+00 -1.9968340230932446e+02 2.1820506285408214e-07 2.1820506285408214e-07 -5.6152241737969871e+02 -3.8060290984451160e+02 2.2158023898841236e+02 3.0656064687977346e+02
1.6639999999976967e+00 -1.9983783954284954e+02 6.1227597178969980e-08 6.1227597178969980e-08 -5.6205017397040967e+02 -3.8094400675662962e+02 2.2180884947246466e+02 3.0683352428223867e+02
1.6659999999976876e+00 -1.9972066012406461e+02 1.2892376000550598e-07 1.2892376000550598e-07 -5.6142890837978132e+02 -3.8057478425192295e+02 2.2150016099561236e+02 3.0653814641619334e+02
1.6679999999976785e+00 -1.9983980813655543e+02 6.2457095513224200e-08 6.2457095513224200e-08 -5.6192550012916354e+02 -3.8088265413285950e+02 2.2173129713611067e+02 3.0678444220610714e+02
1.6699999999976693e+00 -1.9971455528809975e+02 -2.4360641432963350e-08 -2.4360641432963350e-08 -5.6155930576471314e+02 -3.8063693052640645e+02 2.2158375119310077e+02 3.0658786341259957e+02
1.6719999999976602e+00 -1.9977021937922501e+02 9.6219467842217905e-08 9.6219467842217905e-08 -5.6160384526959956e+02 -3.8068703232441226e+02 2.2157693880312956e+02 3.0662794483231625e+02
1.6739999999976511e+00 -1.9979171943772067e+02 1.0338903839723912e-07 1.0338903839723912e-07 -5.6163404726832084e+02 -3.8071288335302074e+02 2.2158226763146081e+02 3.0664862564556063e+02
1.6759999999976420e+00 -1.9977842638443190e+02 -4.4637755536314220e-09 -4.4637755536314220e-09 -5.6180410817559618e+02 -3.8079126728001404e+02 2.2169454854288594e+02 3.0671133275791806e+02
1.6779999999976329e+00 -1.9971115159806126e+02 -9.6771147006791134e-09 -9.6771147006791134e-09 -5.6149613962628337e+02 -3.8060364561217233e+02 2.2154715431701621e+02 3.0656123549362758e+02
1.6799999999976238e+00 -1.9985307332442264e+02 -1.1242931456934003e-08 -1.1242931456934003e-08 -5.6177141901336267e+02 -3.8081224616889267e+02 2.2162881887252874e+02 3.0672811586119582e+02
1.6819999999976147e+00 -1.9978854032652976e+02 2.9486597627581548e-07 2.9486597627581548e-07 -5.6167729583739526e+02 -3.8073291808196251e+02 2.2161069866310859e+02 3.0666465342124104e+02
1.6839999999976056e+00 -1.9807761650393587e+02 -5.6217976312744612e-06 -5.6217976312744612e-06 -5.6051067375768901e+02 -3.7929414513081247e+02 2.2194401404715438e+02 3.0551363559698348e+02
1.6859999999975965e+00 -1.9540987984502365e+02 7.6549878315645974e-06 7.6549878315645974e-06 -5.6144207642373772e+02 -3.7842597813438067e+02 2.2414802776198940e+02 3.0481910232366437e+02
1.6879999999975874e+00 -1.9444278761010909e+02 1.5365746690854109e-06 1.5365746690854109e-06 -5.6176041679341165e+02 -3.7810160220176039e+02 2.2493519125698364e+02 3.0455960169856047e+02
1.6899999999975783e+00 -1.9324532282334090e+02 -3.4873974169524756e-06 -3.4873974169524756e-06 -5.6187080960674461e+02 -3.7755806621504274e+02 2.2573608720110093e+02 3.0412477311192532e+02
1.6919999999975692e+00 -1.9161758088756235e+02 3.2730132448755000e-07 3.2730132448755000e-07 -5.6166747334070874e+02 -3.7664252711413553e+02 2.2660835397050008e+02 3.0339234217269569e+02
1.6939999999975601e+00 -1.9051336249357780e+02 1.6773321715479739e-06 1.6773321715479739e-06 -5.6083979262039509e+02 -3.7567657755698644e+02 2.2677769801928758e+02 3.0261958288727573e+02
1.6959999999975510e+00 -1.9093611093065857e+02 1.1203068890885958e-06 1.1203068890885958e-06 -5.6283507091934348e+02 -3.7688559092500100e+02 2.2774067196100381e+02 3.0358679313072525e+02
1.6979999999975419e+00 -1.9017571515039955e+02 -5.3443487595394863e-07 -5.3443487595394863e-07 -5.6145560420959748e+02 -3.7581565967999853e+02 2.2736156998804537e+02 3.0273084853380772e+02
1.6999999999975328e+00 -1.9027813994838871e+02 -1.4841728814829480e-08 -1.4841728814829480e-08 -5.6183188941191213e+02 -3.7605501468015041e+02 2.2752927455088286e+02 3.0292233244464978e+02
1.7019999999975237e+00 -1.8991031326180618e+02 -6.6499822599652707e-07 -6.6499822599652707e-07 -5.6149850222838722e+02 -3.7570440774509672e+02 2.2755036435325437e+02 3.0264184702738322e+02
1.7039999999975146e+00 -1.8965893364869032e+02 6.7791040404330260e-07 6.7791040404330260e-07 -5.6152693790859792e+02 -3.7559293577864412e+02 2.2772171552597371e+02 3.0255266949580022e+02
1.7059999999975055e+00 -1.8951436505667377e+02 6.6414196664865699e-07 6.6414196664865699e-07 -5.6158966419856756e+02 -3.7555201462762068e+02 2.2784865719776283e+02 3.0251993259024505e+02
1.7079999999974964e+00 -1.8948534157732436e+02 -9.2789381697322429e-07 -9.2789381697322429e-07 -5.6137795346766359e+02 -3.7543164752249396e+02 2.2773678456055785e+02 3.0242363895104063e+02
1.7099999999974873e+00 -1.8942232343778025e+02 -6.2746214144482334e-08 -6.2746214144482334e-08 -5.6184976367641468e+02 -3.7563604355709748e+02 2.2806429869888251e+02 3.0258715570248370e+02
1.7119999999974782e+00 -1.8916527333931194e+02 6.1109819557536585e-07 6.1109819557536585e-07 -5.6094049245800352e+02 -3.7505288289865774e+02 2.2766489646305087e+02 3.0212062739325086e+02
1.7139999999974691e+00 -1.8957697945147447e+02 7.8873391107237021e-09 7.8873391107237021e-09 -5.6176651609457167e+02 -3.7567174777302307e+02 2.2791861309462263e+02 3.0261571906190647e+02
1.7159999999974600e+00 -1.8920678525179790e+02 -1.7906888984953185e-07 -1.7906888984953185e-07 -5.6134292194584043e+02 -3.7527485359881916e+02 2.2788591243775397e+02 3.0229820387058493e+02
1.7179999999974509e+00 -1.8918154126280345e+02 2.7992200113402532e-08 2.7992200113402532e-08 -5.6135438721986213e+02 -3.7526796424133278e+02 2.2790839217855978e+02 3.0229269238716557e+02
1.7199999999974418e+00 -1.8938751844930849e+02 1.0592745810278360e-07 1.0592745810278360e-07 -5.6113976349732093e+02 -3.7526364097331469e+02 2.2765082777543125e+02 3.0228923377436371e+02
1.7219999999974327e+00 -1.8944290147848332e+02 1.6240908938591759e-07 1.6240908938591759e-07 -5.6166169371727983e+02 -3.7555229759788159e+02 2.2793652841501870e+02 3.0252015896634822e+02
1.7239999999974236e+00 -1.8911142829403255e+02 3.3804449461882768e-08 3.3804449461882768e-08 -5.6114829015511043e+02 -3.7512985922457148e+02 2.2782511926648812e+02 3.0218220842526972e+02
1.7259999999974145e+00 -1.8937737503198576e+02 1.5098265118140831e-07 1.5098265118140831e-07 -5.6102489574634433e+02 -3.7520113538916507e+02 2.2758669748015501e+02 3.0223922933035857e+02
1.7279999999974054e+00 -1.8957994992329284e+02 9.2157844298057514e-08 9.2157844298057514e-08 -5.6154206829289785e+02 -3.7556100910809533e+02 2.2777934841256246e+02 3.0252712817126985e+02
1.7299999999973963e+00 -1.8922231808538268e+02 1.6667131917280641e-07 1.6667131917280641e-07 -5.6126548314435638e+02 -3.7524390061486952e+02 2.2782897917113627e+02 3.0227344149497065e+02
1.7319999999973872e+00 -1.8926302414484272e+02 1.1085735741822589e-07 1.1085735741822589e-07 -5.6088500975986858e+02 -3.7507401695235563e+02 2.2757106048918092e+02 3.0213753462832619e+02
1.7339999999973781e+00 -1.8966036361680136e+02 3.7335390414838801e-08 3.7335390414838801e-08 -5.6125044975478113e+02 -3.7545540668579122e+02 2.2755152612872476e+02 3.0244264627281626e+02
1.7359999999973690e+00 -1.8946318558475792e+02 1.0876314753716088e-07 1.0876314753716088e-07 -5.6151181758448604e+02 -3.7548750158462201e+02 2.2783232697496183e+02 3.0246832217990948e+02
1.7379999999973599e+00 -1.8919732105116429e+02 1.8434811499545845e-07 1.8434811499545845e-07 -5.6067426932149692e+02 -3.7493579518633061e+02 2.2748224361714423e+02 3.0202695726706293e+02
1.7399999999973508e+00 -1.8975101385174401e+02 7.9635510008557728e-08 7.9635510008557728e-08 -5.6117119073769788e+02 -3.7546110229472094e+02 2.2744747838621441e+02 3.0244720275783561e+02
1.7419999999973417e+00 -1.8965256792245160e+02 9.2694161111239736e-08 9.2694161111239736e-08 -5.6132178060199271e+02 -3.7548717426222214e+02 2.2759998104170887e+02 3.0246806032211168e+02
1.7439999999973326e+00 -1.8941511060894470e+02 1.5787074840289962e-07 1.5787074840289962e-07 -5.6094791419667501e+02 -3.7518151240280986e+02 2.2751644787390563e+02 3.0222353094859375e+02
1.7459999999973235e+00 -1.8966348342862358e+02 5.8117122332390640e-08 5.8117122332390640e-08 -5.6073709899079154e+02 -3.7520029120970753e+02 2.2723525378424966e+02 3.0223855398710742e+02
1.7479999999973144e+00 -1.8992577914793065e+02 1.2440949930692114e-07 1.2440949930692114e-07 -5.6137714497328568e+02 -3.7565146206060820e+02 2.2746657763300226e+02 3.0259949049954116e+02
1.7499999999973053e+00 -1.8962250787811095e+02 1.1864214489065717e-07 1.1864214489065717e-07 -5.6093818860753947e+02 -3.7528034824282520e+02 2.2738348782032216e+02 3.0230259958374023e+02
1.7519999999972962e+00 -1.8976866044824084e+02 1.1838911435191336e-07 1.1838911435191336e-07 -5.6065884438228159e+02 -3.7521375241526118e+02 2.2712292531134977e+02 3.0224932294652933e+02
1.7539999999972871e+00 -1.9018401626681370e+02 1.8578563617310807e-07 1.8578563617310807e-07 -5.6116655547785399e+02 -3.7567528587233386e+02 2.2717948113727533e+02 3.0261854954003542e+02
1.7559999999972780e+00 -1.8999340595230842e+02 1.7426481813132000e-07 1.7426481813132000e-07 -5.6095302908670055e+02 -3.7547321751950449e+02 2.2716544796360171e+02 3.0245689493314342e+02
1.7579999999972689e+00 -1.9006173461303283e+02 1.2163396396758229e-07 1.2163396396758229e-07 -5.6074280783027268e+02 -3.7540227122165277e+02 2.2699487167237228e+02 3.0240013792132504e+02
1.7599999999972598e+00 -1.9038317257867865e+02 1.4928526024249322e-07 1.4928526024249322e-07 -5.6080530390865715e+02 -3.7559423824366792e+02 2.2683630279816640e+02 3.0255371146733341e+02
1.7619999999972507e+00 -1.9049671717813769e+02 1.5818337388395777e-07 1.5818337388395777e-07 -5.6107070467285905e+02 -3.7578371092549838e+02 2.2692929532764541e+02 3.0270528954212449e+02
1.7639999999972416e+00 -1.9040660757069571e+02 1.5551649934053558e-07 1.5551649934053558e-07 -5.6057356734309269e+02 -3.7549008745689423e+02 2.2668004276992994e+02 3.0247039087676274e+02
1.7659999999972325e+00 -1.9072881816621711e+02 1.4468571412962206e-07 1.4468571412962206e-07 -5.6081641311750980e+02 -3.7577261564186347e+02 2.2663144194112172e+02 3.0269641331935509e+02
1.7679999999972233e+00 -1.9087704066951915e+02 1.4997725886090052e-07 1.4997725886090052e-07 -5.6080605330359117e+02 -3.7584154698655516e+02 2.2653433050126702e+02 3.0275155836939706e+02
1.7699999999972142e+00 -1.9094258986003206e+02 1.5444839945644162e-07 1.5444839945644162e-07 -5.6069987839776707e+02 -3.7582123412889956e+02 2.2642917139812550e+02 3.0273530809084929e+02
1.7719999999972051e+00 -1.9114128783531095e+02 1.5395457781508525e-07 1.5395457781508525e-07 -5.6064206693165772e+02 -3.7589167738348431e+02 2.2627209208672360e+02 3.0279166266824171e+02
1.7739999999971960e+00 -1.9135167617526955e+02 1.6917297323004733e-07 1.6917297323004733e-07 -5.6072505146330320e+02 -3.7603836381928636e+02 2.2619407350630999e+02 3.0290901176216931e+02
1.7759999999971869e+00 -1.9146744978356787e+02 1.5699656975343145e-07 1.5699656975343145e-07 -5.6064438499021230e+02 -3.7605591738689009e+02 2.2607377901520138e+02 3.0292305460970482e+02
1.7779999999971778e+00 -1.9164398538527402e+02 1.3845044149363162e-07 1.3845044149363162e-07 -5.6057868247300985e+02 -3.7611133392914195e+02 2.2592543906830693e+02 3.0296738782283592e+02
1.7799999999971687e+00 -1.9186528015580279e+02 1.6896470194538438e-07 1.6896470194538438e-07 -5.6064399878183121e+02 -3.7625463946881700e+02 2.2582992215779510e+02 3.0308203220112296e+02
1.7819999999971596e+00 -1.9199899003357453e+02 1.7096397847637945e-07 1.7096397847637945e-07 -5.6055238702649365e+02 -3.7627568853003407e+02 2.2569194140051300e+02 3.0309887144224535e+02
1.7839999999971505e+00 -1.9218442967204876e+02 1.5411365858142290e-07 1.5411365858142290e-07 -5.6056809360570162e+02 -3.7637626163887518e+02 2.2558800155359202e+02 3.0317932989180446e+02
1.7859999999971414e+00 -1.9236904772233339e+02 1.5526707240809402e-07 1.5526707240809402e-07 -5.6051168201634573e+02 -3.7644036486933953e+02 2.2544040164609049e+02 3.0323061245226540e+02
1.7879999999971323e+00 -1.9255717766081409e+02 1.6298604576192589e-07 1.6298604576192589e-07 -5.6053974477133147e+02 -3.7654846121607278e+02 2.2534238091505870e+02 3.0331708948933203e+02
1.7899999999971232e+00 -1.9271029688870843e+02 1.6318814701321572e-07 1.6318814701321572e-07 -5.6047571897979924e+02 -3.7659300793425382e+02 2.2520940729061326e+02 3.0335272684726095e+02
1.7919999999971141e+00 -1.9290338102541500e+02 1.6237741482072465e-07 1.6237741482072465e-07 -5.6047331895974776e+02 -3.7668834999258138e+02 2.2508969818139937e+02 3.0342900045836041e+02
1.7939999999971050e+00 -1.9308551914873306e+02 1.5733099758108438e-07 1.5733099758108438e-07 -5.6045812641931741e+02 -3.7677182278402523e+02 2.2496885832220229e+02 3.0349577866038015e+02
1.7959999999970959e+00 -1.9325472649987333e+02 1.6448163650650827e-07 1.6448163650650827e-07 -5.6043743677593227e+02 -3.7684608163790278e+02 2.2485257063713348e+02 3.0355518571578364e+02
1.7979999999970868e+00 -1.9343319257606385e+02 1.6278084370213718e-07 1.6278084370213718e-07 -5.6041145885562844e+02 -3.7692232571584611e+02 2.2472737476903686e+02 3.0361618094969924e+02
1.7999999999970777e+00 -1.9361988137767790e+02 1.6345252538130239e-07 1.6345252538130239e-07 -5.6039524446174573e+02 -3.7700756291971180e+02 2.2460312244500003e+02 3.0368437068099831e+02
1.8019999999970686e+00 -1.9381328470400814e+02 1.9711867366822843e-07 1.9711867366822843e-07 -5.6039754152212072e+02 -3.7710541311306440e+02 2.2448609423544025e+02 3.0376265079918227e+02
1.8039999999970595e+00 -1.9400525039932742e+02 1.1406458948926002e-07 1.1406458948926002e-07 -5.6034560687262660e+02 -3.7717542863597703e+02 2.2433673638721984e+02 3.0381866319139658e+02
1.8059999999970504e+00 -1.9422692151154624e+02 1.6099895550070187e-07 1.6099895550070187e-07 -5.6034903592436592e+02 -3.7728797871795609e+02 2.2420309096507273e+02 3.0390870321499858e+02
1.8079999999970413e+00 -1.9442830199866003e+02 1.9720759800279097e-07 1.9720759800279097e-07 -5.6032803183351632e+02 -3.7737816691608816e+02 2.2406690877940414e+02 3.0398085373986407e+02
1.8099999999970322e+00 -1.9463522371934118e+02 1.5806714714017290e-07 1.5806714714017290e-07 -5.6031797251538558e+02 -3.7747659811736338e+02 2.2393403557216706e+02 3.0405959866416941e+02
1.8119999999970231e+00 -1.9485199915717615e+02 1.7204280677418638e-07 1.7204280677418638e-07 -5.6032458515104975e+02 -3.7758829215411293e+02 2.2380533766510911e+02 3.0414895385190715e+02
1.8139999999970140e+00 -1.9505111807815567e+02 1.0458829121873237e-07 1.0458829121873237e-07 -5.6028801247504271e+02 -3.7766956527659920e+02 2.2366100662778936e+02 3.0421397231958133e+02
1.8159999999970049e+00 -1.9525000887802818e+02 8.0098429862118791e-08 8.0098429862118791e-08 -5.6027905921453180e+02 -3.7776453404628000e+02 2.2353372865428750e+02 3.0428994729990256e+02
1.8179999999969958e+00 -1.9544460015550723e+02 1.5815772689720119e-07 1.5815772689720119e-07 -5.6028588753114423e+02 -3.7786524384332574e+02 2.2341874779260814e+02 3.0437051509997440e+02
1.8199999999969867e+00 -1.9562639239531330e+02 2.4264561728770671e-07 2.4264561728770671e-07 -5.6024800045756103e+02 -3.7793719642643714e+02 2.2328422223639600e+02 3.0442807713962520e+02
1.8219999999969776e+00 -1.9582060044888226e+02 1.4082639749446457e-07 1.4082639749446457e-07 -5.6026091028478027e+02 -3.7804075536683126e+02 2.2317320019993889e+02 3.0451092425331302e+02
1.8239999999969685e+00 -1.9599828724929688e+02 1.9319325168964953e-07 1.9319325168964953e-07 -5.6024291092393742e+02 -3.7812059908661718e+02 2.2305336738873768e+02 3.0457479919936003e+02
1.8259999999969594e+00 -1.9617817720577384e+02 1.0772045031970379e-07 1.0772045031970379e-07 -5.6023553254455805e+02 -3.7820685487516596e+02 2.2293868942178065e+02 3.0464380379802566e+02
1.8279999999969503e+00 -1.9636153124378612e+02 1.9065999040890347e-07 1.9065999040890347e-07 -5.6021238561428686e+02 -3.7828695842903647e+02 2.2281223392085937e+02 3.0470788661124345e+02
1.8299999999969412e+00 -1.9655291966823728e+02 2.0339206415087575e-07 2.0339206415087575e-07 -5.6022866820831007e+02 -3.7839079393827365e+02 2.2270500393697569e+02 3.0479095497990249e+02
1.8319999999969321e+00 -1.9672971351450161e+02 1.5954499458459281e-07 1.5954499458459281e-07 -5.6020419015997481e+02 -3.7846695183723818e+02 2.2258175057664261e+02 3.0485188127066721e+02
1.8339999999969230e+00 -1.9685997724884143e+02 4.7789160106503914e-07 4.7789160106503914e-07 -5.6016104815320148e+02 -3.7851051270102147e+02 2.2247556168059350e+02 3.0488672994544567e+02
1.8359999999969139e+00 -1.9683265673961159e+02 1.2725714221062390e-07 1.2725714221062390e-07 -5.6013972811719486e+02 -3.7848619242840323e+02 2.2247923620499654e+02 3.0486727373642253e+02
1.8379999999969048e+00 -1.9689055486742521e+02 2.2933663874624699e-08 2.2933663874624699e-08 -5.6016681213624440e+02 -3.7852868350183479e+02 2.2246036649415890e+02 3.0490126657931859e+02
1.8399999999968957e+00 -1.9691468777350121e+02 2.0257911465648703e-07 2.0257911465648703e-07 -5.6019019511588090e+02 -3.7855244144469106e+02 2.2245990725987852e+02 3.0492027292474188e+02
1.8419999999968866e+00 -1.9690638661762051e+02 1.2598113848127924e-07 1.2598113848127924e-07 -5.6019611733882243e+02 -3.7855125197822144e+02 2.2246861726501172e+02 3.0491932135200989e+02
1.8439999999968775e+00 -1.9689421951060231e+02 9.3602212878352025e-08 9.3602212878352025e-08 -5.6016012688465821e+02 -3.7852717319763025e+02 2.2245402850389351e+02 3.0490005833651827e+02
1.8459999999968684e+00 -1.9687240750601109e+02 2.1371572772821423e-07 2.1371572772821423e-07 -5.6016349072171704e+02 -3.7851794911386406e+02 2.2246944549536542e+02 3.0489267907294595e+02
1.8479999999968593e+00 -1.9685701466321211e+02 1.3228728802161526e-07 1.3228728802161526e-07 -5.6018981289530950e+02 -3.7852341377926081e+02 2.2249499062155814e+02 3.0489705080322500e+02
1.8499999999968502e+00 -1.9685242157371519e+02 1.1729606246291268e-07 1.1729606246291268e-07 -5.6014085536056882e+02 -3.7849663846714202e+02 2.2246782305816592e+02 3.0487563056351718e+02
1.8519999999968411e+00 -1.9685093369685376e+02 1.6988321709376920e-07 1.6988321709376920e-07 -5.6015609762959957e+02 -3.7850351566322666e+02 2.2247806813835547e+02 3.0488113231781966e+02
1.8539999999968320e+00 -1.9682387792760019e+02 1.3388660123681008e-07 1.3388660123681008e-07 -5.6015868939063773e+02 -3.7849128365911895e+02 2.2249622346869259e+02 3.0487134671909604e+02
1.8559999999968229e+00 -1.9680976759073499e+02 1.2336237208643298e-07 1.2336237208643298e-07 -5.6013183350269867e+02 -3.7847080054671682e+02 2.2248841844453722e+02 3.0485496023681458e+02
1.8579999999968138e+00 -1.9681588788747840e+02 1.6283971749686542e-07 1.6283971749686542e-07 -5.6014711825374764e+02 -3.7848150307061303e+02 2.2249403050374212e+02 3.0486352225193946e+02
1.8599999999968047e+00 -1.9680514371136945e+02 1.7917544889556325e-07 1.7917544889556325e-07 -5.6014403302459880e+02 -3.7847458836798410e+02 2.2249872063174695e+02 3.0485799049241558e+02
1.8619999999967956e+00 -1.9680521154679369e+02 7.0382565429127907e-08 7.0382565429127907e-08 -5.6012685879468461e+02 -3.7846603517073913e+02 2.2248816206619924e+02 3.0485114793780991e+02
1.8639999999967864e+00 -1.9680309453679865e+02 2.3629813215464425e-07 2.3629813215464425e-07 -5.6012740349176124e+02 -3.7846524901427995e+02 2.2248979202224180e+02 3.0485051901293576e+02
1.8659999999967773e+00 -1.9681154295327917e+02 2.7854898341672653e-07 2.7854898341672653e-07 -5.6013561489042183e+02 -3.7847357892185050e+02 2.2248964687906215e+02 3.0485718293588519e+02
1.8679999999967682e+00 -1.9680700781400233e+02 2.1767703303865460e-07 2.1767703303865460e-07 -5.6013736394452246e+02 -3.7847218587926238e+02 2.2249349514586709e+02 3.0485606850233427e+02
1.8699999999967591e+00 -1.9680352222840605e+02 -2.5305369355521634e-08 -2.5305369355521634e-08 -5.6012730685969586e+02 -3.7846541454405099e+02 2.2248947094087723e+02 3.0485065143669090e+02
1.8719999999967500e+00 -1.9681387831316908e+02 2.2125039404130575e-07 2.2125039404130575e-07 -5.6012666158452373e+02 -3.7847026994884641e+02 2.2248273401129777e+02 3.0485453575871617e+02
1.8739999999967409e+00 -1.9683159936940297e+02 2.1785790208284083e-07 2.1785790208284083e-07 -5.6010290118402122e+02 -3.7846725027671209e+02 2.2245733191059986e+02 3.0485212002213507e+02
1.8759999999967318e+00 -1.9684860241201486e+02 -2.0309631558745879e-08 -2.0309631558745879e-08 -5.6012212650317952e+02 -3.7848536445759720e+02 2.2245869277150138e+02 3.0486661136008655e+02
1.8779999999967227e+00 -1.9686496630973124e+02 1.9516800358942987e-07 1.9516800358942987e-07 -5.6010181938323865e+02 -3.7848339284648495e+02 2.2243623645109918e+02 3.0486503407193214e+02
1.8799999999967136e+00 -1.9690607288512507e+02 2.8261857602629449e-07 2.8261857602629449e-07 -5.6008152520179442e+02 -3.7849379904345972e+02 2.2239863632008070e+02 3.0487335902563046e+02
1.8819999999967045e+00 -1.9693294020176768e+02 4.9721942634306514e-08 4.9721942634306514e-08 -5.6010112759934441e+02 -3.7851703390055604e+02 2.2239418748388081e+02 3.0489194690264088e+02
1.8839999999966954e+00 -1.9694838043974477e+02 4.6035095113694521e-09 4.6035095113694521e-09 -5.6008658489063146e+02 -3.7851748266518814e+02 2.2237582675378690e+02 3.0489230591417919e+02
1.8859999999966863e+00 -1.9698337655552433e+02 1.6742064725683293e-07 1.6742064725683293e-07 -5.6007402625185102e+02 -3.7852870140368771e+02 2.2234670553290806e+02 3.0490128090079429e+02
1.8879999999966772e+00 -1.9701249128019509e+02 3.6636967406522556e-08 3.6636967406522556e-08 -5.6006821054125010e+02 -3.7854035091072262e+02 2.2232531509718083e+02 3.0491060050207687e+02
1.8899999999966681e+00 -1.9310637689801490e+02 -1.1642849384063681e-06 -1.1642849384063681e-06 -5.5596696569447454e+02 -3.7453667129624472e+02 2.2220582257929811e+02 3.0170765830386745e+02
1.8919999999966590e+00 -1.9256825700568785e+02 3.4489595474074265e-06 3.4489595474074265e-06 -5.6297246477084536e+02 -3.7777036088826662e+02 2.2682532690112066e+02 3.0429460877131851e+02
1.8939999999966499e+00 -1.9401799660029801e+02 7.1906383646513917e-07 7.1906383646513917e-07 -5.5782797000611458e+02 -3.7592298330320631e+02 2.2278719954494210e+02 3.0281670739234221e+02
1.8959999999966408e+00 -1.9123385070983721e+02 -3.1971249873308240e-07 -3.1971249873308240e-07 -5.6155829370789172e+02 -3.7639607220886444e+02 2.2677648115640707e+02 3.0319517834040653e+02
1.8979999999966317e+00 -1.8862900116383986e+02 -2.8423699339086283e-07 -2.8423699339086283e-07 -5.5861068660424542e+02 -3.7361984388404267e+02 2.2656658587597644e+02 3.0097419671608247e+02
1.8999999999966226e+00 -1.8841940557236006e+02 5.0499082568933317e-08 5.0499082568933317e-08 -5.5979979712473369e+02 -3.7410960134854690e+02 2.2742311494458491e+02 3.0136600250500635e+02
1.9019999999966135e+00 -1.8793671047123189e+02 -4.1648736504029671e-07 -4.1648736504029671e-07 -5.5948541189449179e+02 -3.7371106118286184e+02 2.2752618327017117e+02 3.0104717052111380e+02
1.9039999999966044e+00 -1.8823899972427327e+02 8.0756929525804828e-08 8.0756929525804828e-08 -5.6071339775203273e+02 -3.7447619873815302e+02 2.2809305435458390e+02 3.0165928027995039e+02
1.9059999999965953e+00 -1.8742034014243481e+02 2.8329232771184820e-07 2.8329232771184820e-07 -5.5889769505624054e+02 -3.7315901759933769e+02 2.2748249263439831e+02 3.0060553586020677e+02
1.9079999999965862e+00 -1.8795614657162119e+02 9.6689033046715168e-09 9.6689033046715168e-09 -5.6032087780390827e+02 -3.7413851218776472e+02 2.2802589743192556e+02 3.0138913116559684e+02
1.9099999999965771e+00 -1.8730900234291934e+02 1.4656781019972697e-07 1.4656781019972697e-07 -5.5903487420627107e+02 -3.7317193827459522e+02 2.2763467756410350e+02 3.0061587239559339e+02
1.9119999999965680e+00 -1.8789413767735175e+02 4.5800056751588161e-08 4.5800056751588161e-08 -5.6022914596685814e+02 -3.7406164182210495e+02 2.2800769592105885e+02 3.0132763490174165e+02
1.9139999999965589e+00 -1.8779494683225013e+02 2.4286033983855761e-08 2.4286033983855761e-08 -5.5961181733027229e+02 -3.7370338208126122e+02 2.2769040261966163e+02 3.0104102724269757e+02
1.9159999999965498e+00 -1.8799861553748164e+02 1.6779186978510552e-07 1.6779186978510552e-07 -5.5986802337990468e+02 -3.7393331945869318e+02 2.2772257504121740e+02 3.0122497705887650e+02
1.9179999999965407e+00 -1.8819137927035572e+02 1.4023128791507133e-07 1.4023128791507133e-07 -5.5974939024049627e+02 -3.7397038475542598e+02 2.2753188418006971e+02 3.0125462928243741e+02
1.9199999999965316e+00 -1.8823296211239492e+02 1.3953950901424152e-07 1.3953950901424152e-07 -5.5969855135031560e+02 -3.7396575673135527e+02 2.2747528765879898e+02 3.0125092686490706e+02
1.9219999999965225e+00 -1.8847280824112661e+02 5.3809092674939052e-08 5.3809092674939052e-08 -5.5984202694424130e+02 -3.7415741759268394e+02 2.2741627299967055e+02 3.0140425548248044e+02
1.9239999999965134e+00 -1.8852300922664472e+02 9.2121043886450597e-08 9.2121043886450597e-08 -5.5966677827105730e+02 -3.7409489374885101e+02 2.2727821384304434e+02 3.0135423643073557e+02
1.9259999999965043e+00 -1.8874657438670894e+02 1.0434361131572701e-07 1.0434361131572701e-07 -5.5981342125179458e+02 -3.7427999781925178e+02 2.2723110882073087e+02 3.0150231961801234e+02
1.9279999999964952e+00 -1.8890103480430651e+02 8.1106084257598362e-08 8.1106084257598362e-08 -5.5975825008002448e+02 -3.7432964244216549e+02 2.2710273621375106e+02 3.0154203529782586e+02
1.9299999999964861e+00 -1.8907051387037725e+02 1.8270239545259416e-07 1.8270239545259416e-07 -5.5987323742247725e+02 -3.7447187564642724e+02 2.2706936698423382e+02 3.0165582180818222e+02
1.9319999999964770e+00 -1.8925194288394894e+02 8.4712827730371040e-08 8.4712827730371040e-08 -5.5974724029850836e+02 -3.7449959159122864e+02 2.2688110769159155e+02 3.0167799455368527e+02
1.9339999999964679e+00 -1.8941670082633925e+02 1.0389897234119872e-07 1.0389897234119872e-07 -5.5985666743745560e+02 -3.7463668413189743e+02 2.2684722463271811e+02 3.0178766853508478e+02
1.9359999999964588e+00 -1.8965084046589959e+02 8.6997516461906350e-08 8.6997516461906350e-08 -5.5977951752867796e+02 -3.7471517899728877e+02 2.2665659949379574e+02 3.0185046439811930e+02
1.9379999999964497e+00 -1.8987254905704253e+02 1.0133995285599440e-07 1.0133995285599440e-07 -5.5995323196528250e+02 -3.7491289051116252e+02 2.2662720919648189e+02 3.0200863353547186e+02
1.9399999999964406e+00 -1.9006746737122867e+02 7.5460419939332725e-08 7.5460419939332725e-08 -5.5977742269976659e+02 -3.7492244503549762e+02 2.2640018584552016e+02 3.0201627715137613e+02
1.9419999999964315e+00 -1.9031794939790288e+02 8.2749187111375024e-08 8.2749187111375024e-08 -5.5990185120273634e+02 -3.7510990030031962e+02 2.2632299414218119e+02 3.0216624129331291e+02
1.9439999999964224e+00 -1.9055805852355104e+02 9.5405734708009511e-08 9.5405734708009511e-08 -5.5986017428761363e+02 -3.7520911640558234e+02 2.2615043613804929e+02 3.0224561414051544e+02
1.9459999999964133e+00 -1.9089469454537786e+02 9.6613395266231809e-08 9.6613395266231809e-08 -5.5998520447607211e+02 -3.7543994951072500e+02 2.2602085455846208e+02 3.0243028053852879e+02
1.9479999999964042e+00 -1.9131137213863701e+02 7.8912459873237139e-08 7.8912459873237139e-08 -5.5987872168499734e+02 -3.7559504691181718e+02 2.2570048555964797e+02 3.0255435840155121e+02
1.9499999999963951e+00 -1.9177905591142397e+02 1.1967361815301558e-07 1.1967361815301558e-07 -5.6000916516336224e+02 -3.7589411053739309e+02 2.2549396889913797e+02 3.0279360919046115e+02
1.9519999999963860e+00 -1.9335353497351920e+02 3.1202479986447431e-08 3.1202479986447431e-08 -5.6022701311262176e+02 -3.7679027404307050e+02 2.2466320540023003e+02 3.0351053966073403e+02
1.9539999999963769e+00 -1.9337031546906221e+02 6.9654549861297713e-08 6.9654549861297713e-08 -5.5975350308790394e+02 -3.7656190927848309e+02 2.2436296500013938e+02 3.0332784793424418e+02
1.9559999999963678e+00 -1.9479535147858275e+02 1.1480855961032433e-07 1.1480855961032433e-07 -5.5985939490321857e+02 -3.7732737319090063e+02 2.2355515745689954e+02 3.0394021877866015e+02
1.9579999999963587e+00 -1.9520679535645326e+02 1.2367613889452399e-07 1.2367613889452399e-07 -5.5991092020993983e+02 -3.7755885778319657e+02 2.2333475324483274e+02 3.0412540636615313e+02
1.9599999999963496e+00 -1.9576102642848682e+02 4.7912983012210474e-08 4.7912983012210474e-08 -5.6024074625268690e+02 -3.7800088634058687e+02 2.2319733379046616e+02 3.0447902904718865e+02
1.9619999999963404e+00 -1.9617664288245513e+02 4.1910744039697081e-08 4.1910744039697081e-08 -5.5995331518287992e+02 -3.7806497903266751e+02 2.2276680686592204e+02 3.0453030317694657e+02
1.9639999999963313e+00 -1.9663262498784974e+02 6.4191433750693251e-08 6.4191433750693251e-08 -5.6012090189102855e+02 -3.7837676343943917e+02 2.2259020147406702e+02 3.0477973058606830e+02
1.9659999999963222e+00 -1.9675156497831080e+02 7.8912053806945438e-08 7.8912053806945438e-08 -5.5997243435618566e+02 -3.7836199966724826e+02 2.2242644847647327e+02 3.0476791957382244e+02
1.9679999999963131e+00 -1.9708790734547824e+02 8.4837234730628104e-08 8.4837234730628104e-08 -5.6020914667813213e+02 -3.7864852701180519e+02 2.2236543778301279e+02 3.0499714134259324e+02
1.9699999999963040e+00 -1.9713851966033067e+02 7.7718379412061723e-08 7.7718379412061723e-08 -5.6001197286350884e+02 -3.7857524626191974e+02 2.2221370038737413e+02 3.0493851677001868e+02
1.9719999999962949e+00 -1.9726764405741611e+02 8.3296414352673761e-08 8.3296414352673761e-08 -5.6008994128850895e+02 -3.7867879267296252e+02 2.2218237388014788e+02 3.0502135386023008e+02
1.9739999999962858e+00 -1.9744938233407856e+02 7.7609079927043467e-08 7.7609079927043467e-08 -5.6005168524955241e+02 -3.7875053379181549e+02 2.2204765542525300e+02 3.0507874672855297e+02
1.9759999999962767e+00 -1.9756904956066253e+02 5.9302924455550969e-08 5.9302924455550969e-08 -5.6004055471839717e+02 -3.7880480213952984e+02 2.2196755848376273e+02 3.0512216138648239e+02
1.9779999999962676e+00 -1.9769247020573457e+02 7.9338320038147004e-08 7.9338320038147004e-08 -5.6018201905666137e+02 -3.7893724463119798e+02 2.2197860794411173e+02 3.0522811533041579e+02
1.9799999999962585e+00 -1.9776192017828842e+02 4.7302777588242864e-08 4.7302777588242864e-08 -5.5999617115365504e+02 -3.7887904566597172e+02 2.2182227056222700e+02 3.0518155617994302e+02
1.9819999999962494e+00 -1.9796213351857000e+02 1.4329680885438734e-07 1.4329680885438734e-07 -5.6016220117648072e+02 -3.7906216734752536e+02 2.2180133764085636e+02 3.0532805345688155e+02
1.9839999999962403e+00 -1.9805233876643499e+02 3.0073853842793598e-08 3.0073853842793598e-08 -5.6001403601421043e+02 -3.7903318739032272e+02 2.2165536617220400e+02 3.0530486950192898e+02
1.9859999999962312e+00 -1.9821211096575178e+02 -1.3869215109707512e-09 -1.3869215109707512e-09 -5.6019051041695047e+02 -3.7920131069135113e+02 2.2166559414119578e+02 3.0543936808004167e+02
1.9879999999962221e+00 -1.9832466876242856e+02 6.2511542928689323e-08 6.2511542928689323e-08 -5.6000437944514226e+02 -3.7916452410378542e+02 2.2148268537252366e+02 3.0540993882371049e+02
1.9899999999962130e+00 -1.9853132029515518e+02 1.2994873332061730e-07 1.2994873332061730e-07 -5.6012272986206415e+02 -3.7932702507860967e+02 2.2142861220316365e+02 3.0553993954295703e+02
1.9919999999962039e+00 -1.9865689651354796e+02 4.7220120755753216e-08 4.7220120755753216e-08 -5.6007582057034404e+02 -3.7936635854194600e+02 2.2132298683121360e+02 3.0557140629895468e+02
1.9939999999961948e+00 -1.9879449987593219e+02 6.9913142191069256e-08 6.9913142191069256e-08 -5.6010950903697767e+02 -3.7945200445645492e+02 2.2125935221339776e+02 3.0563992299861587e+02
1.9959999999961857e+00 -1.9894387864932796e+02 6.8377953681419974e-08 6.8377953681419974e-08 -5.6005728275894671e+02 -3.7950058070413735e+02 2.2113589483700696e+02 3.0567878397864285e+02
1.9979999999961766e+00 -1.9910780962091570e+02 5.2754325707837778e-08 5.2754325707837778e-08 -5.6007127679412577e+02 -3.7958954320752071e+02 2.2104407759005761e+02 3.0574995394816654e+02
1.9999999999961675e+00 -1.9923792281294195e+02 7.3955371178158199e-08 7.3955371178158199e-08 -5.6010483428232988e+02 -3.7967137854763592e+02 2.2098494953852770e+02 3.0581542218973414e+02
2.0019999999961806e+00 -1.9935585546109817e+02 4.3563618241648782e-08 4.3563618241648782e-08 -5.6005322032480331e+02 -3.7970453789295073e+02 2.2088112387064183e+02 3.0584194965361758e+02
2.0039999999961937e+00 -1.9950867563609347e+02 6.8467752765144504e-08 6.8467752765144504e-08 -5.6005149930612538e+02 -3.7978008747110943e+02 2.2078648710345678e+02 3.0590238928796452e+02
2.0059999999962068e+00 -1.9966127844192991e+02 4.6714333929998019e-08 4.6714333929998019e-08 -5.6003707645461839e+02 -3.7984917744827413e+02 2.2068420519484573e+02 3.0595766124392571e+02
2.0079999999962199e+00 -1.9979877820809148e+02 4.6276188729876820e-08 4.6276188729876820e-08 -5.6008904274255644e+02 -3.7994391047532395e+02 2.2063182685045246e+02 3.0603344763023017e+02
2.0099999999962330e+00 -1.9990120327347768e+02 6.7015356783883825e-08 6.7015356783883825e-08 -5.6003525706290054e+02 -3.7996823016818911e+02 2.2053616769602917e+02 3.0605290337545097e+02
2.0119999999962461e+00 -2.0006077837294652e+02 4.2951553780312678e-08 4.2951553780312678e-08 -5.6005325385689332e+02 -3.8005701611491992e+02 2.2044946904426308e+02 3.0612393209971850e+02
2.0139999999962592e+00 -2.0017944160012809e+02 4.9883734867250949e-08 4.9883734867250949e-08 -5.6003315346639226e+02 -3.8010629753326020e+02 2.2036449402971684e+02 3.0616335721600871e+02
2.0159999999962723e+00 -2.0029227604946848e+02 5.3540276763186516e-08 5.3540276763186516e-08 -5.6004536421266562e+02 -3.8016882013106704e+02 2.2030287484758094e+02 3.0621337527093328e+02
2.0179999999962854e+00 -2.0040052863128631e+02 5.2948145050635274e-08 5.2948145050635274e-08 -5.6003091207189902e+02 -3.8021572035159267e+02 2.2022773385774053e+02 3.0625089542986001e+02
2.0199999999962985e+00 -2.0052356200887411e+02 5.6046974918899653e-08 5.6046974918899653e-08 -5.6000156424455668e+02 -3.8026256312671541e+02 2.2013441980812320e+02 3.0628836963248585e+02
2.0219999999963116e+00 -2.0065359883536931e+02 4.0312593867497526e-08 4.0312593867497526e-08 -5.6002313534815846e+02 -3.8033836709176387e+02 2.2006799838920548e+02 3.0634901277624971e+02
2.0239999999963247e+00 -2.0075169169031781e+02 4.3083901459795016e-08 4.3083901459795016e-08 -5.6000366182020355e+02 -3.8037767675526067e+02 2.1999600397695096e+02 3.0638046049238466e+02
2.0259999999963378e+00 -2.0086586997481584e+02 7.4413874653345153e-08 7.4413874653345153e-08 -5.6000280619550938e+02 -3.8043433808516261e+02 2.1992556038179131e+02 3.0642578953517153e+02
2.0279999999963509e+00 -2.0099410802716594e+02 4.4515027948222041e-08 4.4515027948222041e-08 -5.5997521264393424e+02 -3.8048466033555007e+02 2.1983013340293726e+02 3.0646604731671130e+02
2.0299999999963640e+00 -2.0112674285674447e+02 4.6424090331953497e-08 4.6424090331953497e-08 -5.5998804034537625e+02 -3.8055739160106037e+02 2.1975676682006653e+02 3.0652423230199076e+02
2.0319999999963771e+00 -2.0123395447850802e+02 5.7183340747002379e-08 5.7183340747002379e-08 -5.5998398221791058e+02 -3.8060896834820932e+02 2.1968862829271177e+02 3.0656549368047183e+02
2.0339999999963903e+00 -2.0134461282903973e+02 4.6524612535847611e-08 4.6524612535847611e-08 -5.5996408028979658e+02 -3.8065434655941817e+02 2.1960867677687239e+02 3.0660179623251275e+02
2.0359999999964034e+00 -2.0147589597859977e+02 4.2487766265253411e-08 4.2487766265253411e-08 -5.5995340898909512e+02 -3.8071465248384743e+02 2.1952174778440792e+02 3.0665004094956208e+02
2.0379999999964165e+00 -2.0159877241831524e+02 4.9725083997032014e-08 4.9725083997032014e-08 -5.5995153977707275e+02 -3.8077515609769398e+02 2.1944535698581075e+02 3.0669844381807150e+02
2.0399999999964296e+00 -2.0170496663545549e+02 3.8372449679968671e-08 3.8372449679968671e-08 -5.5995523753832447e+02 -3.8083010208688995e+02 2.1938259098146810e+02 3.0674240058893338e+02
2.0419999999964427e+00 -2.0181533369125555e+02 3.7234269232300219e-08 3.7234269232300219e-08 -5.5993066795685797e+02 -3.8087300082405676e+02 2.1929995950424058e+02 3.0677671956266562e+02
2.0439999999964558e+00 -2.0194738158910201e+02 2.6913859745292257e-08 2.6913859745292257e-08 -5.5992503184651798e+02 -3.8093620671781002e+02 2.1921564561279109e+02 3.0682728425409238e+02
2.0459999999964689e+00 -2.0202104090368005e+02 2.1514816660683778e-07 2.1514816660683778e-07 -5.5989741388958896e+02 -3.8095922739663450e+02 2.1915362620335767e+02 3.0684570078856530e+02
2.0479999999964820e+00 -2.0203488116671747e+02 -2.0352303859993981e-08 -2.0352303859993981e-08 -5.5990382701062242e+02 -3.8096935408866995e+02 2.1914907802631848e+02 3.0685380213841637e+02
2.0499999999964951e+00 -2.0203344215854415e+02 9.3817367741166895e-09 9.3817367741166895e-09 -5.5987961304736984e+02 -3.8095652760295701e+02 2.1913513127160368e+02 3.0684354095463033e+02
2.0519999999965082e+00 -2.0200197095408515e+02 2.7551159647032366e-08 2.7551159647032366e-08 -5.5987878411710733e+02 -3.8094037753559621e+02 2.1915389575568867e+02 3.0683062090676566e+02
2.0539999999965213e+00 -2.0194969225253172e+02 4.0206520690588830e-08 4.0206520690588830e-08 -5.5986831396885930e+02 -3.8090900311069549e+02 2.1917949816130925e+02 3.0680552137854772e+02
2.0559999999965344e+00 -2.0187634348292232e+02 3.4248222195998323e-08 3.4248222195998323e-08 -5.5986781332152998e+02 -3.8087207840222618e+02 2.1922410834338572e+02 3.0677598162554523e+02
2.0579999999965475e+00 -2.0179195656196487e+02 3.5453861535472696e-08 3.5453861535472696e-08 -5.5984727155049961e+02 -3.8081961405623224e+02 2.1926320535335395e+02 3.0673401016831923e+02
2.0599999999965606e+00 -2.0171935023717680e+02 3.6080671179661295e-08 3.6080671179661295e-08 -5.5983208646260346e+02 -3.8077571834989010e+02 2.1929836853605011e+02 3.0669889361961867e+02
2.0619999999965737e+00 -2.0164569059701256e+02 3.8772566153255636e-08 3.8772566153255636e-08 -5.5982767663500840e+02 -3.8073668361601051e+02 2.1934077521244458e+02 3.0666766584707494e+02
2.0639999999965868e+00 -2.0156630057930926e+02 7.2102750472424765e-08 7.2102750472424765e-08 -5.5984003354987919e+02 -3.8070316706459425e+02 2.1939695850501261e+02 3.0664085261844360e+02
2.0659999999965999e+00 -2.0147960270792328e+02 5.5151983779921919e-09 5.5151983779921919e-09 -5.5980350498478128e+02 -3.8064155384635228e+02 2.1942768080530141e+02 3.0659156206683178e+02
2.0679999999966130e+00 -2.0140868115495138e+02 2.5175897579998720e-08 2.5175897579998720e-08 -5.5980159539811757e+02 -3.8060513827653449e+02 2.1946994183120168e+02 3.0656242962456054e+02
2.0699999999966261e+00 -2.0131778186700592e+02 4.8691910787823645e-08 4.8691910787823645e-08 -5.5978079631595631e+02 -3.8054928909148111e+02 2.1951286926496053e+02 3.0651775029734961e+02
2.0719999999966392e+00 -2.0124703220275498e+02 3.1084731322295057e-08 3.1084731322295057e-08 -5.5980388033984946e+02 -3.8052545627130223e+02 2.1957033042911962e+02 3.0649868405009613e+02
2.0739999999966523e+00 -2.0116391021555859e+02 2.5938015824067408e-08 2.5938015824067408e-08 -5.5977226366748721e+02 -3.8046808694152287e+02 2.1960187086421593e+02 3.0645278860767138e+02
2.0759999999966654e+00 -2.0113548279693831e+02 3.2852391971260888e-08 3.2852391971260888e-08 -5.5976586309624201e+02 -3.8045067294659015e+02 2.1961535949839370e+02 3.0643885741822066e+02
2.0779999999966785e+00 -2.0109559297155749e+02 6.1467721259589326e-08 6.1467721259589326e-08 -5.5978055044032806e+02 -3.8043807170594278e+02 2.1964878105259348e+02 3.0642877643040305e+02
2.0799999999966916e+00 -2.0109495526952568e+02 3.4871091578736467e-08 3.4871091578736467e-08 -5.5976692255985449e+02 -3.8043093891469010e+02 2.1964082622538098e+02 3.0642307020006137e+02
2.0819999999967047e+00 -2.0111775359286261e+02 3.8597227085546140e-08 3.8597227085546140e-08 -5.5977282541681905e+02 -3.8044528950484084e+02 2.1963047990748632e+02 3.0643455066682924e+02
2.0839999999967178e+00 -2.0117289383241126e+02 4.4343345297903628e-08 4.4343345297903628e-08 -5.5972535921023427e+02 -3.8044912652132280e+02 2.1956764654814953e+02 3.0643762027858355e+02
2.0859999999967309e+00 -2.0124092856543760e+02 4.1821644547468398e-08 4.1821644547468398e-08 -5.5975785105411637e+02 -3.8049938980977697e+02 2.1954588106255261e+02 3.0647783089059874e+02
2.0879999999967440e+00 -2.0128662947596121e+02 3.1646032176979588e-08 3.1646032176979588e-08 -5.5973899023512445e+02 -3.8051280985554286e+02 2.1950634523899643e+02 3.0648856692220573e+02
2.0899999999967571e+00 -2.0136035330254742e+02 7.5613536001384319e-08 7.5613536001384319e-08 -5.5977492098345226e+02 -3.8056763714299984e+02 2.1948320179961090e+02 3.0653242873172076e+02
2.0919999999967702e+00 -1.9546388952606776e+02 5.2877001461837384e-08 5.2877001461837384e-08 -5.5842082521789143e+02 -3.7694235737197960e+02 2.2226482276228390e+02 3.0363220626713422e+02
2.0939999999967833e+00 -1.9267761154633587e+02 7.0160346930858709e-07 7.0160346930858709e-07 -5.5955897007792464e+02 -3.7611829081213023e+02 2.2466803113537108e+02 3.0297295332663163e+02
2.0959999999967964e+00 -1.9168214547664834e+02 1.7354465791985519e-07 1.7354465791985519e-07 -5.6095936348000089e+02 -3.7632075447832460e+02 2.2613518943567993e+02 3.0313492418406815e+02
2.0979999999968095e+00 -1.8871853651048107e+02 -1.7222694616680912e-07 -1.7222694616680912e-07 -5.5941853782526675e+02 -3.7406853716787390e+02 2.2700646271756955e+02 3.0133315117578485e+02
2.0999999999968226e+00 -1.8743810741181935e+02 4.9470432754716856e-08 4.9470432754716856e-08 -5.5946983866652283e+02 -3.7345397303917110e+02 2.2782197742456603e+02 3.0084150010205508e+02
2.1019999999968357e+00 -1.8941899060252550e+02 1.4362941915813111e-07 1.4362941915813111e-07 -5.5904084551672508e+02 -3.7422991805962528e+02 2.2634623558020598e+02 3.0146225582899092e+02
2.1039999999968488e+00 -1.9106973537740126e+02 1.7165742847158328e-08 1.7165742847158328e-08 -5.6055959910489082e+02 -3.7581466724114603e+02 2.2626540781571001e+02 3.0273005458309586e+02
2.1059999999968619e+00 -1.9073044189036460e+02 -4.3659226405257103e-08 -4.3659226405257103e-08 -5.5838751030005562e+02 -3.7455897609521014e+02 2.2514305448281783e+02 3.0172550213472010e+02
2.1079999999968750e+00 -1.9094446953848285e+02 7.1162248715950230e-08 7.1162248715950230e-08 -5.5860120630432380e+02 -3.7477283792140332e+02 2.2514285139326560e+02 3.0189659151590416e+02
2.1099999999968881e+00 -1.9063228301761242e+02 -1.2633350617852201e-08 -1.2633350617852201e-08 -5.5993226984960984e+02 -3.7528227643361112e+02 2.2614913243873511e+02 3.0230414213564978e+02
2.1119999999969012e+00 -1.9074088548501842e+02 3.0338247377637019e-08 3.0338247377637019e-08 -5.5850530671415981e+02 -3.7462309609958913e+02 2.2520879439034346e+02 3.0177679811430653e+02
2.1139999999969143e+00 -1.9069195256670531e+02 3.9902686244097650e-09 3.9902686244097650e-09 -5.6035459399350304e+02 -3.7552327328010415e+02 2.2637121211626925e+02 3.0249693952295235e+02
2.1159999999969274e+00 -1.9043975308248221e+02 2.9567705469579765e-08 2.9567705469579765e-08 -5.5821844859205896e+02 -3.7432910083727057e+02 2.2521753556622150e+02 3.0154160201411190e+02
2.1179999999969406e+00 -1.9064643586102619e+02 9.9218498337272362e-08 9.9218498337272362e-08 -5.5990465070155972e+02 -3.7527554328129293e+02 2.2612355242257848e+02 3.0229875561630666e+02
2.1199999999969537e+00 -1.9036315073557006e+02 2.7953044173800735e-08 2.7953044173800735e-08 -5.5888538553706485e+02 -3.7462426813631748e+02 2.2567285853344885e+02 3.0177773574325204e+02
2.1219999999969668e+00 -1.9049912446794377e+02 4.5651803000090756e-08 4.5651803000090756e-08 -5.5931839026826094e+02 -3.7490875736810233e+02 2.2585475212967486e+02 3.0200532702256538e+02
2.1239999999969799e+00 -1.9034891404177318e+02 4.6308043947229650e-08 4.6308043947229650e-08 -5.5909935883931894e+02 -3.7472413644054609e+02 2.2581260804458074e+02 3.0185763034938401e+02
2.1259999999969930e+00 -1.9038578155952084e+02 3.5480158004919106e-08 3.5480158004919106e-08 -5.5900356232977708e+02 -3.7469467194464897e+02 2.2573136825106022e+02 3.0183405876365663e+02
2.1279999999970061e+00 -1.9034789238555248e+02 2.6765752072499538e-08 2.6765752072499538e-08 -5.5943866886234616e+02 -3.7489328062394929e+02 2.2602101778394621e+02 3.0199294563301578e+02
2.1299999999970192e+00 -1.9031467125183275e+02 6.9482133742693185e-08 6.9482133742693185e-08 -5.5889187119493135e+02 -3.7460327122338208e+02 2.2570651767109115e+02 3.0176093822073551e+02
2.1319999999970323e+00 -1.9034366480956177e+02 2.4549456452693797e-08 2.4549456452693797e-08 -5.5937988669691526e+02 -3.7486177575323853e+02 2.2598761005713231e+02 3.0196774174819848e+02
2.1339999999970454e+00 -1.9028439820303717e+02 7.3849810318105118e-08 7.3849810318105118e-08 -5.5889694998707046e+02 -3.7459067409505383e+02 2.2572816616403063e+02 3.0175086052277169e+02
2.1359999999970585e+00 -1.9034699454674134e+02 4.5247734479225702e-08 4.5247734479225702e-08 -5.5938249440520747e+02 -3.7486474447597442e+02 2.2598716790654390e+02 3.0197011672527992e+02
2.1379999999970716e+00 -1.9023134302967276e+02 1.3072981585482424e-07 1.3072981585482424e-07 -5.5905398220555526e+02 -3.7464266261761401e+02 2.2585681789188635e+02 3.0179245132142808e+02
2.1399999999970847e+00 -1.9032635293209941e+02 1.4594837021375540e-07 1.4594837021375540e-07 -5.5912105058383122e+02 -3.7472370175796533e+02 2.2583970727268510e+02 3.0185728260348151e+02
2.1419999999970978e+00 -1.9025958635484375e+02 7.5250694233641722e-08 7.5250694233641722e-08 -5.5912963757726413e+02 -3.7469461196605391e+02 2.2588585172230606e+02 3.0183401078080294e+02
2.1439999999971109e+00 -1.9027898045156104e+02 -3.5577404060016524e-08 -3.5577404060016524e-08 -5.5909863844880317e+02 -3.7468880945018213e+02 2.2585499230026107e+02 3.0182936877026981e+02
2.1459999999971240e+00 -1.9025276361462690e+02 -1.1375782050515593e-08 -1.1375782050515593e-08 -5.5919510513684122e+02 -3.7472393437573407e+02 2.2593012030926806e+02 3.0185746869760976e+02
2.1479999999971371e+00 -1.9026337699161817e+02 3.8367073138534378e-08 3.8367073138534378e-08 -5.5893921126310465e+02 -3.7460129412736143e+02 2.2576691861500922e+02 3.0175935654465650e+02
2.1499999999971502e+00 -1.9026295079087492e+02 5.6728479600753890e-08 5.6728479600753890e-08 -5.5918661853697222e+02 -3.7472478466392357e+02 2.2591868500350361e+02 3.0185814892784424e+02
2.1519999999971633e+00 -1.9022176768923114e+02 6.1820346343444138e-08 6.1820346343444138e-08 -5.5895647184882534e+02 -3.7458911976902823e+02 2.2580296891177892e+02 3.0174961706253100e+02
2.1539999999971764e+00 -1.9024632911557688e+02 4.7548001726877009e-08 4.7548001726877009e-08 -5.5915947215103370e+02 -3.7470290063330526e+02 2.2591223996081371e+02 3.0184064171151232e+02
2.1559999999971895e+00 -1.9019535052943496e+02 7.2680186863349766e-08 7.2680186863349766e-08 -5.5897747145959102e+02 -3.7458641099451302e+02 2.2583200563506071e+02 3.0174745004392912e+02
2.1579999999972026e+00 -1.9023519247084991e+02 5.0918382450415582e-08 5.0918382450415582e-08 -5.5901037493873901e+02 -3.7462278370479447e+02 2.2582775671202231e+02 3.0177654819858731e+02
2.1599999999972157e+00 -1.9020327798605155e+02 3.6205417619505911e-08 3.6205417619505911e-08 -5.5905687178295818e+02 -3.7463007488450489e+02 2.2587577364855892e+02 3.0178238113963602e+02
2.1619999999972288e+00 -1.9018108643292257e+02 4.1510044241910294e-08 4.1510044241910294e-08 -5.5901813282656803e+02 -3.7459960962974532e+02 2.2586564047491945e+02 3.0175800894719191e+02
2.1639999999972419e+00 -1.9016313712363458e+02 5.1638032414480504e-08 5.1638032414480504e-08 -5.5901153694476807e+02 -3.7458733703420131e+02 2.2587259300096380e+02 3.0174819087533439e+02
2.1659999999972550e+00 -1.9017778006039003e+02 9.8983556329201865e-09 9.8983556329201865e-09 -5.5893437579487136e+02 -3.7455607792763067e+02 2.2581637470881375e+02 3.0172318360173756e+02
2.1679999999972681e+00 -1.9016015572731155e+02 7.2194984732654185e-08 7.2194984732654185e-08 -5.5906550660108906e+02 -3.7461283116420032e+02 2.2590746825578680e+02 3.0176858616982423e+02
2.1699999999972812e+00 -1.9013237313070758e+02 6.5860426863295628e-08 6.5860426863295628e-08 -5.5896089588624170e+02 -3.7454663450847465e+02 2.2586042083388818e+02 3.0171562886993513e+02
2.1719999999972943e+00 -1.9014358150679413e+02 1.1632508427616984e-08 1.1632508427616984e-08 -5.5901180884509404e+02 -3.7457769517594409e+02 2.2588473482594478e+02 3.0174047739232503e+02
2.1739999999973074e+00 -1.9012397294398042e+02 4.4479888123838410e-08 4.4479888123838410e-08 -5.5892530956010512e+02 -3.7452464125204278e+02 2.2584377279148086e+02 3.0169803427299308e+02
2.1759999999973205e+00 -1.9012845835789560e+02 5.8287374162802053e-08 5.8287374162802053e-08 -5.5897892103651213e+02 -3.7455368969720388e+02 2.2587385623802516e+02 3.0172127301828692e+02
2.1779999999973336e+00 -1.9009975407434479e+02 -1.3643202549928902e-08 -1.3643202549928902e-08 -5.5900591643818711e+02 -3.7455283525626595e+02 2.2590796518993437e+02 3.0172058946585526e+02
2.1799999999973467e+00 -1.9009296176627271e+02 2.6303142677264191e-08 2.6303142677264191e-08 -5.5894036737050089e+02 -3.7451666456838677e+02 2.2587198416993587e+02 3.0169165292904358e+02
2.1819999999973598e+00 -1.9011625627197557e+02 8.9345812939178873e-08 8.9345812939178873e-08 -5.5892344693629548e+02 -3.7451985160413551e+02 2.2584735764923289e+02 3.0169420255645383e+02
2.1839999999973729e+00 -1.9009593232430055e+02 4.9980706222640951e-08 4.9980706222640951e-08 -5.5893098662932323e+02 -3.7451345947681187e+02 2.2586442057475742e+02 3.0168908885697920e+02
2.1859999999973860e+00 -1.9007529710978596e+02 5.8854708564481940e-08 5.8854708564481940e-08 -5.5899968268458849e+02 -3.7453748989718724e+02 2.2591912458201625e+02 3.0170831318431613e+02
2.1879999999973991e+00 -1.9007195621014162e+02 2.0523758288426565e-08 2.0523758288426565e-08 -5.5889905941437883e+02 -3.7448550781226021e+02 2.2585955153980294e+02 3.0166672753576381e+02
2.1899999999974122e+00 -1.9008742851009652e+02 3.6102981351149313e-08 3.6102981351149313e-08 -5.5892122688639972e+02 -3.7450432769824812e+02 2.2586365147862838e+02 3.0168178343753431e+02
2.1919999999974253e+00 -1.9006395410148039e+02 2.2352537580871968e-08 2.2352537580871968e-08 -5.5891061417052629e+02 -3.7448728413600332e+02 2.2587152762474042e+02 3.0166814859409573e+02
2.1939999999974384e+00 -1.9004927219115481e+02 1.7150377025210161e-08 1.7150377025210161e-08 -5.5895122651955228e+02 -3.7450024935535356e+02 2.2590538830501947e+02 3.0167852076473991e+02
2.1959999999974515e+00 -1.9003636912481900e+02 4.5361125597942476e-08 4.5361125597942476e-08 -5.5892973741846470e+02 -3.7448305327164184e+02 2.2590013045400562e+02 3.0166476390418467e+02
2.1979999999974646e+00 -1.9004419653624993e+02 3.8149388266184303e-08 3.8149388266184303e-08 -5.5884858147279988e+02 -3.7444638900452492e+02 2.2584563949888448e+02 3.0163543250416694e+02
2.1999999999974778e+00 -1.9004069532112467e+02 3.1522291816798999e-08 3.1522291816798999e-08 -5.5890791342127466e+02 -3.7447430437119965e+02 2.2588411679632071e+02 3.0165776478709427e+02
2.2019999999974909e+00 -1.9000428914982248e+02 4.9027245885291395e-08 4.9027245885291395e-08 -5.5891693201477381e+02 -3.7446061058229816e+02 2.2591193367018298e+02 3.0164680976108082e+02
2.2039999999975040e+00 -1.9000260134126739e+02 2.2490728381896476e-08 2.2490728381896476e-08 -5.5891715520872185e+02 -3.7445987827499459e+02 2.2591310391544047e+02 3.0164622391551114e+02
2.2059999999975171e+00 -1.9000657450981126e+02 3.2391013955468394e-08 3.2391013955468394e-08 -5.5883802234363338e+02 -3.7442229842672231e+02 2.2586221207120403e+02 3.0161616005091059e+02
2.2079999999975302e+00 -1.9000695110472461e+02 3.5702568363937817e-08 3.5702568363937817e-08 -5.5886911330654300e+02 -3.7443803220563382e+02 2.2588102070354472e+02 3.0162874706817109e+02
2.2099999999975433e+00 -1.8997586463309383e+02 2.1609325711047233e-08 2.1609325711047233e-08 -5.5891322814631644e+02 -3.7444454638970512e+02 2.2592707191377690e+02 3.0163395841299837e+02
2.2119999999975564e+00 -1.8996315426737144e+02 4.0091339097436672e-08 4.0091339097436672e-08 -5.5888498092466091e+02 -3.7442406759601619e+02 2.2591755757146603e+02 3.0161757538568577e+02
2.2139999999975695e+00 -1.8997771863823050e+02 3.3670734951307678e-08 3.3670734951307678e-08 -5.5884490524069133e+02 -3.7441131193946092e+02 2.2588409750800409e+02 3.0160737086519947e+02
2.2159999999975826e+00 -1.8996949917428012e+02 3.3789749935841939e-08 3.3789749935841939e-08 -5.5882269018918544e+02 -3.7439609468173279e+02 2.2587552699596372e+02 3.0159519706469297e+02
2.2179999999975957e+00 -1.8995088617484089e+02 2.9283012459302427e-08 2.9283012459302427e-08 -5.5890152300089551e+02 -3.7442620458786820e+02 2.2593520012468557e+02 3.0161928497837033e+02
2.2199999999976088e+00 -1.8992617971022352e+02 2.6424678862824179e-08 2.6424678862824179e-08 -5.5886950472189619e+02 -3.7439784221605987e+02 2.2593072257110313e+02 3.0159659509150282e+02
2.2219999999976219e+00 -1.8994909877304741e+02 3.4483251050154709e-08 3.4483251050154709e-08 -5.5883076967438672e+02 -3.7438993422371709e+02 2.2589296729338767e+02 3.0159026870057824e+02
2.2239999999976350e+00 -1.8993890731697317e+02 2.8015348179089018e-08 2.8015348179089018e-08 -5.5880437769420371e+02 -3.7437164250558845e+02 2.2588304653897958e+02 3.0157563533289817e+02
2.2259999999976481e+00 -1.8992328944683862e+02 2.9825100891223142e-08 2.9825100891223142e-08 -5.5886934771047117e+02 -3.7439631857865493e+02 2.2593239633926319e+02 3.0159537618214716e+02
2.2279999999976612e+00 -1.8989830495431542e+02 3.6533518992243332e-08 3.6533518992243332e-08 -5.5886477968831025e+02 -3.7438154232131285e+02 2.2594489882294721e+02 3.0158355518178507e+02
2.2299999999976743e+00 -1.8991649627863987e+02 2.9005532629078345e-08 2.9005532629078345e-08 -5.5881359955455173e+02 -3.7436504791659581e+02 2.2590241765419319e+02 3.0157035966416385e+02
2.2319999999976874e+00 -1.8991604900441490e+02 2.8349991629816886e-08 2.8349991629816886e-08 -5.5878856369025607e+02 -3.7435230634733546e+02 2.2588736027940129e+02 3.0156016641350817e+02
2.2339999999977005e+00 -1.8990146187157774e+02 4.5539853106291166e-08 4.5539853106291166e-08 -5.5883918366911701e+02 -3.7437032277034734e+02 2.2592729131721654e+02 3.0157457954519759e+02
2.2359999999977136e+00 -1.8987815988561348e+02 8.2736582962539277e-09 8.2736582962539277e-09 -5.5884150775231399e+02 -3.7435983381896375e+02 2.2594298401560610e+02 3.0156618838800307e+02
2.2379999999977267e+00 -1.8989232166897952e+02 3.9772550550765119e-08 3.9772550550765119e-08 -5.5881051729910291e+02 -3.7435141948404123e+02 2.2591533403051625e+02 3.0155945692320358e+02
